     1                                  ;Al inicio de este proyecto, dios y yo sabíamos que estaba haciendo.
     2                                  ;Ahora, sólo dios sabe xD
     3                                  %include "code/macros.asm"
     1                              <1> %macro CLEARSCREEN 0
     2                              <1> 	;Video BIOS
     3                              <1> 	mov AH, 0x0		;Set video mode
     4                              <1> 	mov AL, 0x12	;640x480 16 color graphics (VGA)
     5                              <1> 	int 0x10
     6                              <1> %endmacro
     7                              <1> 
     8                              <1> %macro MACRO_EXIT_APPLICATION 0
     9                              <1> 	mov AH, 0x4C
    10                              <1> 	mov AL, 0x0
    11                              <1> 	int 0x21
    12                              <1> %endmacro
    13                              <1> 
    14                              <1> %macro MACRO_INPUT_CHAR_NO_ECO 0
    15                              <1> 	mov AH, 0x8		;User input without echo
    16                              <1> 	int 0x21		;DOS Function Dispatcher
    17                              <1> %endmacro
    18                              <1> 
    19                              <1> 
    20                              <1> %macro MACRO_PRINT_CHAR 1
    21                              <1> 	xor DX, DX
    22                              <1> 	mov AH, 0x6 			; Print String
    23                              <1> 	mov DL, %1	; Start address of message
    24                              <1> 	int 0x21
    25                              <1> %endmacro
    26                              <1> 
    27                              <1> 
    28                              <1> %macro MACRO_PRINT_STRING 1
    29                              <1> 	mov AH, 0x9 			; Print String
    30                              <1> 	mov DX, %1	; Start address of message
    31                              <1> 	int 0x21
    32                              <1> %endmacro
    33                              <1> 
    34                              <1> 
    35                              <1> %macro MACRO_PARSE_STRING_BUFFER 1
    36                              <1> 	mov SI, %1		;Parameter for Parse String
    37                              <1> 	call ParseString
    38                              <1> %endmacro
    39                              <1> 
    40                              <1> 
    41                              <1> 
    42                              <1> %macro MACRO_ENTER_COEFFICIENT 1
    43                              <1> 	EnterFunctionCoefficients_coef_%1:
    44                              <1> 	MACRO_PRINT_STRING enter_coef_%1			;Promt to enter respective coefficient
    45                              <1> 	call ReadUntilLN							;Read input
    46                              <1> 	MACRO_PARSE_STRING_BUFFER inStrBuf			;Parse the number
    47                              <1> 
    48                              <1> 	push AX										;save entered number
    49                              <1> 	mov AH, 0x9
    50                              <1> 	mov DX, text_ln_r							;print newline
    51                              <1> 	int 0x21
    52                              <1> 	pop AX										;Restore entered number
    53                              <1> 
    54                              <1> 	cmp CX, 0x1									;Was there an error?
    55                              <1> 	jne EnterFunctionCoefficients_coef_%1_ok
    56                              <1> 	MACRO_PRINT_STRING input_error_2			;Tell user to try again
    57                              <1> 	jmp EnterFunctionCoefficients_coef_%1
    58                              <1> 	EnterFunctionCoefficients_coef_%1_ok:
    59                              <1> 	mov [coef_%1], AX							;Save entered coefficient
    60                              <1> 	mov [coef_%1_sign], BX						;save coefficient sign
    61                              <1> %endmacro
    62                              <1> 
    63                              <1> 
    64                              <1> %macro MACRO_PARSE_NUMBER_WITHOUT_SIGN_TO_STRING 1
    65                              <1> 	mov SI, word gen_output_buff				;Set the buffer where the parsed number will be
    66                              <1> 	push word 0x0								;+ as sign
    67                              <1> 	push word %1								;number to be parsed
    68                              <1> 	call NumberToString
    69                              <1> 	add ESP, 4									;Restore stack
    70                              <1> %endmacro
    71                              <1> 
    72                              <1> 
    73                              <1> 
    74                              <1> %macro MACRO_PRINT_FUNC_COEF 1
    75                              <1> 	cmp [coef_%1_sign], byte 0					;Compare Sign
    76                              <1> 	je m_print_func_coef_%1_pos
    77                              <1> 	MACRO_PRINT_CHAR 0x2d						;If neg, print -
    78                              <1> 	jmp m_print_func_coef_%1_number
    79                              <1> 
    80                              <1> 	m_print_func_coef_%1_pos:
    81                              <1> 	MACRO_PRINT_CHAR 0x2b						;If pos, print +
    82                              <1> 
    83                              <1> 	m_print_func_coef_%1_number:
    84                              <1> 	MACRO_PARSE_NUMBER_WITHOUT_SIGN_TO_STRING [coef_%1]
    85                              <1> 	MACRO_PRINT_STRING gen_output_buff
    86                              <1> 	MACRO_PRINT_STRING str_x_%1
    87                              <1> %endmacro
    88                              <1> %macro MACRO_PRINT_DERIV_COEF 2
    89                              <1> 	cmp [coef_%1_sign], byte 0			;Compare Sign
    90                              <1> 	je m_print_deriv_coef_%1_pos
    91                              <1> 	MACRO_PRINT_CHAR 0x2d				;If neg, print -
    92                              <1> 	jmp m_print_deriv_coef_%1_number
    93                              <1> 
    94                              <1> 	m_print_deriv_coef_%1_pos:
    95                              <1> 	MACRO_PRINT_CHAR 0x2b				;If pos, print +
    96                              <1> 
    97                              <1> 	m_print_deriv_coef_%1_number:
    98                              <1> 	MACRO_PARSE_NUMBER_WITHOUT_SIGN_TO_STRING [coef_%1_d]
    99                              <1> 	MACRO_PRINT_STRING gen_output_buff
   100                              <1> 	MACRO_PRINT_STRING str_x_%2
   101                              <1> %endmacro
   102                              <1> 
   103                              <1> %macro MACRO_PRINT_INT_COEF 2
   104                              <1> 	cmp [coef_%1_sign], byte 0			;Compare Sign
   105                              <1> 	je m_print_int_coef_%1_pos
   106                              <1> 	MACRO_PRINT_CHAR 0x2d				;If neg, print -
   107                              <1> 	jmp m_print_int_coef_%1_number
   108                              <1> 
   109                              <1> 	m_print_int_coef_%1_pos:
   110                              <1> 	MACRO_PRINT_CHAR 0x2b				;If pos, print +
   111                              <1> 
   112                              <1> 	m_print_int_coef_%1_number:
   113                              <1> 	MACRO_PARSE_NUMBER_WITHOUT_SIGN_TO_STRING [coef_%1_i_num]
   114                              <1> 	MACRO_PRINT_STRING gen_output_buff
   115                              <1> 	cmp [coef_%1_i_den], word 1			;If denominator is 1, skip '/' + denominator
   116                              <1> 	je m_print_int_coef_%1_den_is_1
   117                              <1> 
   118                              <1> 	MACRO_PRINT_CHAR 0x2f				; /
   119                              <1> 	MACRO_PARSE_NUMBER_WITHOUT_SIGN_TO_STRING [coef_%1_i_den]
   120                              <1> 	MACRO_PRINT_STRING gen_output_buff
   121                              <1> 
   122                              <1> 	m_print_int_coef_%1_den_is_1:
   123                              <1> 	MACRO_PRINT_STRING str_x_%2
   124                              <1> %endmacro
   125                              <1> 
   126                              <1> 
   127                              <1> 
   128                              <1> 
   129                              <1> %macro MACRO_UPDATE_DERIVATIVE_COEF 1
   130                              <1> 	xor DX, DX				;Clean up
   131                              <1> 	mov AX, [coef_%1]		;x
   132                              <1> 	mov BX, %1				;y
   133                              <1> 	mul BX					;x = xy
   134                              <1> 	mov [coef_%1_d], AX		;Store it
   135                              <1> %endmacro
   136                              <1> 
   137                              <1> %macro MACRO_UPDATE_INTEGRAL_COEFFICIENT 1
   138                              <1> 
   139                              <1> 	push word [coef_%1]		;Numerator
   140                              <1> 	push %1+1				;Divisor
   141                              <1> 	call MaxCommonDivisor
   142                              <1> 	add ESP, 4				;Clean stack
   143                              <1> 
   144                              <1> 	;Now that MCD is calculated, divide both numbers by it
   145                              <1> 	mov BX, AX				;Denominator
   146                              <1> 	xor DX, DX				;Clean upper part of numerator
   147                              <1> 	mov AX, [coef_%1]		;Numerator
   148                              <1> 	div BX
   149                              <1> 	mov [coef_%1_i_num], AX	;Save integral numerator
   150                              <1> 
   151                              <1> 	;BX already has max common divisor as denominator
   152                              <1> 	xor DX, DX				;Clean upper part of numerator
   153                              <1> 	mov AX, %1+1			;Numerator
   154                              <1> 	div BX
   155                              <1> 	mov [coef_%1_i_den], AX	;Save integral denominator
   156                              <1> 
   157                              <1> %endmacro
   158                              <1> 
   159                              <1> %macro MACRO_FIND_FUNC_X_VALUE_OF_COEF 1
   160                              <1> 	;/////////////////////////////////////////////COEF 5////////////////////////////////////////////////////////////////
   161                              <1> 	cmp [coef_%1], word 0						;if coefficient is 0
   162                              <1> 	je CalculateFunctionY_skip_%1				;then skip
   163                              <1> 
   164                              <1> 	xor CX,CX									;Clear counter (necessary?)
   165                              <1> 	mov CX, %1									;Counter to multiply x n-times (x^n)
   166                              <1> 
   167                              <1> 	cmp CX, 0									;Have we reached x^n?
   168                              <1> 	je CalculateFunctionY_%1_coef_mult			;Then go to coefficient
   169                              <1> 	fld qword [graph_current_x]					;grab x									F-Stack:1
   170                              <1> 	sub CX, 1									;one more close to x^n
   171                              <1> 
   172                              <1> 	CalculateFunctionY_%1_loop:					;Multiply by x until x^n
   173                              <1> 		cmp CX, 0								;Have we reached x^n?
   174                              <1> 		je CalculateFunctionY_%1_coef_mult		;Then go to coefficient
   175                              <1> 		fmul qword [graph_current_x]			;ST(0)*x
   176                              <1> 		sub CX, 1								;one more close to x^n
   177                              <1> 		jmp CalculateFunctionY_%1_loop
   178                              <1> 
   179                              <1> 	CalculateFunctionY_%1_coef_mult:
   180                              <1> 	fimul word [coef_%1]						;At this point, we have |coef|*x^n
   181                              <1> 
   182                              <1> 	cmp [coef_%1_sign], byte 0x0				;Its positive?
   183                              <1> 	je CalculateFunctionY_x_%1_positive			;Skip sign change
   184                              <1> 	fchs
   185                              <1> 
   186                              <1> 	CalculateFunctionY_x_%1_positive:
   187                              <1> 	;Now we have coef*x^n
   188                              <1> 	fld qword [graph_result_y]					;load result by previous coefficient	F-Stack:2
   189                              <1> 	faddp										;Add them								F-Stack:1
   190                              <1> 	fstp qword [graph_result_y]					;Store it								F-Stack:0
   191                              <1> 	CalculateFunctionY_skip_%1:
   192                              <1> %endmacro
   193                              <1> 
   194                              <1> 
   195                              <1> %macro MACRO_FIND_DERIV_X_VALUE_OF_COEF 1
   196                              <1> 	;/////////////////////////////////////////////COEF 5////////////////////////////////////////////////////////////////
   197                              <1> 	cmp [coef_%1_d], word 0						;if coefficient is 0
   198                              <1> 	je CalculateDerivativeY_skip_%1				;then skip
   199                              <1> 
   200                              <1> 	xor CX,CX									;Clear counter (necessary?)
   201                              <1> 	mov CX, %1									;Counter to multiply x n-times (x^n)
   202                              <1> 	sub CX, 1									;Because of derivative
   203                              <1> 
   204                              <1> 	cmp CX, 0									;Have we reached x^n?
   205                              <1> 	je CalculateDerivativeY_%1_coef_mult		;Then go to coefficient
   206                              <1> 	fld qword [graph_current_x]					;grab x									F-Stack:1
   207                              <1> 	sub CX, 1									;one more close to x^n
   208                              <1> 
   209                              <1> 	CalculateDerivativeY_%1_loop:				;Multiply by x until x^n
   210                              <1> 		cmp CX, 0								;Have we reached x^n?
   211                              <1> 		je CalculateDerivativeY_%1_coef_mult	;Then go to coefficient
   212                              <1> 		fmul qword [graph_current_x]			;ST(0)*x
   213                              <1> 		sub CX, 1								;one more close to x^n
   214                              <1> 		jmp CalculateDerivativeY_%1_loop
   215                              <1> 
   216                              <1> 	CalculateDerivativeY_%1_coef_mult:
   217                              <1> 	fimul word [coef_%1_d]						;At this point, we have |coef|*x^n
   218                              <1> 
   219                              <1> 	cmp [coef_%1_sign], byte 0x0				;Its positive?
   220                              <1> 	je CalculateDerivativeY_x_%1_positive		;Skip sign change
   221                              <1> 	fchs
   222                              <1> 
   223                              <1> 	CalculateDerivativeY_x_%1_positive:
   224                              <1> 	;Now we have coef*x^n
   225                              <1> 	fld qword [graph_result_y_d]				;load result by previous coefficient	F-Stack:2
   226                              <1> 	faddp										;Add them								F-Stack:1
   227                              <1> 	fstp qword [graph_result_y_d]				;Store it								F-Stack:0
   228                              <1> 	CalculateDerivativeY_skip_%1:
   229                              <1> %endmacro
   230                              <1> 
   231                              <1> 
   232                              <1> 
   233                              <1> %macro MACRO_FIND_INTEG_X_VALUE_OF_COEF 1
   234                              <1> 	;/////////////////////////////////////////////COEF 5////////////////////////////////////////////////////////////////
   235                              <1> 	cmp [coef_%1_i_num], word 0					;if coefficient is 0
   236                              <1> 	je CalculateIntegralY_skip_%1				;then skip
   237                              <1> 
   238                              <1> 	xor CX,CX									;Clear counter (necessary?)
   239                              <1> 	mov CX, %1									;Counter to multiply x n-times (x^n)
   240                              <1> 	add CX, 1									;Because of integral
   241                              <1> 
   242                              <1> 	cmp CX, 0									;Have we reached x^n?
   243                              <1> 	je CalculateIntegralY_%1_coef_mult			;Then go to coefficient
   244                              <1> 	fld qword [graph_current_x]					;grab x									F-Stack:1
   245                              <1> 	sub CX, 1									;one more close to x^n
   246                              <1> 
   247                              <1> 	CalculateIntegralY_%1_loop:					;Multiply by x until x^n
   248                              <1> 		cmp CX, 0								;Have we reached x^n?
   249                              <1> 		je CalculateIntegralY_%1_coef_mult		;Then go to coefficient
   250                              <1> 		fmul qword [graph_current_x]			;ST(0)*x
   251                              <1> 		sub CX, 1								;one more close to x^n
   252                              <1> 		jmp CalculateIntegralY_%1_loop
   253                              <1> 
   254                              <1> 	CalculateIntegralY_%1_coef_mult:
   255                              <1> 	fimul word [coef_%1_i_num]
   256                              <1> 	fidiv word [coef_%1_i_den]					;At this point, we have |coef|*x^n
   257                              <1> 
   258                              <1> 	cmp [coef_%1_sign], byte 0x0				;Its positive?
   259                              <1> 	je CalculateIntegralY_x_%1_positive			;Skip sign change
   260                              <1> 	fchs
   261                              <1> 
   262                              <1> 	CalculateIntegralY_x_%1_positive:
   263                              <1> 	;Now we have coef*x^n
   264                              <1> 	fld qword [graph_result_y_i]				;load result by previous coefficient	F-Stack:2
   265                              <1> 	faddp										;Add them								F-Stack:1
   266                              <1> 	fstp qword [graph_result_y_i]				;Store it								F-Stack:0
   267                              <1> 	CalculateIntegralY_skip_%1:
   268                              <1> %endmacro
   269                              <1> 
   270                              <1> 
   271                              <1> ;ONE TIME USE
   272                              <1> %macro MACRO_ASK_X0 0
   273                              <1> 	GraphFunction_enter_xo:
   274                              <1> 		MACRO_PRINT_STRING str_enter_xo				;Promt to enter xo
   275                              <1> 		call ReadUntilLN							;Read input
   276                              <1> 		MACRO_PRINT_STRING text_ln_r
   277                              <1> 		MACRO_PARSE_STRING_BUFFER inStrBuf			;Parse the number
   278                              <1> 
   279                              <1> 		cmp CX, word 0x1							;If no error
   280                              <1> 		jne GraphFunction_xo_correct				;then continue
   281                              <1> 		MACRO_PRINT_STRING input_error_2			;print user error
   282                              <1> 		jmp GraphFunction_enter_xo					;retry
   283                              <1> 
   284                              <1> 	GraphFunction_xo_correct:
   285                              <1> 	cmp BX, word 0x0								;if negative
   286                              <1> 	je GraphFunction_xo_positive
   287                              <1> 	neg AX											;invert sign
   288                              <1> 	GraphFunction_xo_positive:
   289                              <1> 	mov [graph_xo], AX								;store it
   290                              <1> 
   291                              <1> %endmacro
   292                              <1> 
   293                              <1> 
   294                              <1> ;ONE TIME USE
   295                              <1> %macro MACRO_ASK_XF 0
   296                              <1> 	GraphFunction_enter_xf:
   297                              <1> 		MACRO_PRINT_STRING str_enter_xf			;Promt to enter xf
   298                              <1> 		call ReadUntilLN						;Read input
   299                              <1> 		MACRO_PRINT_STRING text_ln_r
   300                              <1> 		MACRO_PARSE_STRING_BUFFER inStrBuf		;Parse the number
   301                              <1> 
   302                              <1> 		cmp CX, word 0x1						;If no error
   303                              <1> 		jne GraphFunction_xf_correct			;then continue
   304                              <1> 		MACRO_PRINT_STRING input_error_2		;print user error
   305                              <1> 		jmp GraphFunction_enter_xo				;retry to xo in case of mind change
   306                              <1> 
   307                              <1> 	GraphFunction_xf_correct:
   308                              <1> 	cmp BX, word 0x0							;if negative
   309                              <1> 	je GraphFunction_xf_positive
   310                              <1> 	neg AX										;invert sign
   311                              <1> 	GraphFunction_xf_positive:
   312                              <1> 	mov [graph_xf], AX							;store it
   313                              <1> 	cmp AX, [graph_xo]							;If Xf-Xo
   314                              <1> 	jg GraphFunction_interval_correct			;continue
   315                              <1> 	MACRO_PRINT_STRING input_error_3			;else, tell user
   316                              <1> 	jmp GraphFunction_enter_xo					;and try again
   317                              <1> 
   318                              <1> 	GraphFunction_interval_correct:
   319                              <1> 
   320                              <1> %endmacro
   321                              <1> 
   322                              <1> 
   323                              <1> ;ONE TIME USE
   324                              <1> %macro MACRO_ASK_Y_RANGE 0
   325                              <1> 	GraphFunction_enter_y_range:
   326                              <1> 		MACRO_PRINT_STRING str_enter_y_range	;Promt to enter Y range
   327                              <1> 		call ReadUntilLN						;Read input
   328                              <1> 		MACRO_PRINT_STRING text_ln_r
   329                              <1> 		MACRO_PARSE_STRING_BUFFER inStrBuf		;Parse the number
   330                              <1> 
   331                              <1> 		cmp CX, word 0x1						;If no error
   332                              <1> 		jne GraphFunction_y_range_correct		;then continue
   333                              <1> 		MACRO_PRINT_STRING input_error_2		;print user error
   334                              <1> 		jmp GraphFunction_enter_y_range			;retry
   335                              <1> 
   336                              <1> 		GraphFunction_y_range_correct:
   337                              <1> 		cmp BX, word 0x0						;Y interval is not entered with -
   338                              <1> 		je GraphFunction_y_range_positive
   339                              <1> 		MACRO_PRINT_STRING input_error_3		;print user error
   340                              <1> 		jmp GraphFunction_enter_y_range
   341                              <1> 
   342                              <1> 	GraphFunction_y_range_positive:
   343                              <1> 	mov [graph_y_size], AX
   344                              <1> %endmacro
   345                              <1> 
   346                              <1> %macro MACRO_SCROLL_UP_BY 1
   347                              <1> 	pusha
   348                              <1> 	mov AH, 0x6    ; set function to scroll page up
   349                              <1> 	mov AL, %1
   350                              <1> 	mov BH, 0
   351                              <1> 	mov CH, 0x0
   352                              <1> 	mov CL, 0x0
   353                              <1> 	mov DH, 29
   354                              <1> 	mov DL, 79
   355                              <1> 	int 10h        ; call BIOS interrupt to scroll page
   356                              <1> 	popa
   357                              <1> %endmacro
   358                              <1> 
   359                              <1> 
   360                              <1> %macro MACRO_SET_CURSOR_AT 2
   361                              <1> 	pusha
   362                              <1> 	mov AH, 0x2		;Set Cursor Position
   363                              <1> 	mov BH, 0x0		;Page 0 (only one in graphics mode)
   364                              <1> 	mov DH, %1		;Row
   365                              <1> 	mov DL, %2		;Column
   366                              <1> 	int 0x10
   367                              <1> 	popa
   368                              <1> %endmacro
     4                                  
     5                                  SECTION .rodata
     6                                  
     7 00000000 7E7E7E7E7E7E7E7E7E-     main_title_s:		db "~~~~~~~~~~~~~~~~~~~~~~~~","$"
     7 00000009 7E7E7E7E7E7E7E7E7E-
     7 00000012 7E7E7E7E7E7E24     
     8 00000019 50726F796563746F20-     main_title:			db 'Proyecto Unico Assembler - NASM',"$"
     8 00000022 556E69636F20417373-
     8 0000002B 656D626C6572202D20-
     8 00000034 4E41534D24         
     9 00000039 496E67726573652065-     main_inst1:			db "Ingrese el numero de la opcion que desea:","$"
     9 00000042 6C206E756D65726F20-
     9 0000004B 6465206C61206F7063-
     9 00000054 696F6E207175652064-
     9 0000005D 657365613A24       
    10 00000063 50726573696F6E6520-     str_press_any:		db "Presione cualquier tecla para continuar","$"
    10 0000006C 6375616C7175696572-
    10 00000075 207465636C61207061-
    10 0000007E 726120636F6E74696E-
    10 00000087 75617224           
    11                                  ;///////////////////////////////////////////////////////////////////////////////////////////////////////////////////////
    12 0000008B 093129496E67726573-     main_option1:		db 0x9, "1)Ingresar funcion", 0xA,0dh,"$"
    12 00000094 61722066756E63696F-
    12 0000009D 6E0A0D24           
    13 000000A1 093229496D7072696D-     main_option2:		db 0x9, "2)Imprimir la funcion almacenada", 0xA,0dh,"$"
    13 000000AA 6972206C612066756E-
    13 000000B3 63696F6E20616C6D61-
    13 000000BC 63656E6164610A0D24 
    14 000000C5 093329496D7072696D-     main_option3:		db 0x9, "3)Imprimir la la derivada de la funcion almacenada", 0xA,0x0D,"$"
    14 000000CE 6972206C61206C6120-
    14 000000D7 646572697661646120-
    14 000000E0 6465206C612066756E-
    14 000000E9 63696F6E20616C6D61-
    14 000000F2 63656E6164610A0D24 
    15 000000FB 093429496D7072696D-     main_option4:		db 0x9, "4)Imprimir la la integrada de la funcion almacenada", 0xA,0dh,"$"
    15 00000104 6972206C61206C6120-
    15 0000010D 696E74656772616461-
    15 00000116 206465206C61206675-
    15 0000011F 6E63696F6E20616C6D-
    15 00000128 6163656E6164610A0D-
    15 00000131 24                 
    16 00000132 093529477261666963-     main_option5:		db 0x9, "5)Graficar funcion original, derivada o integral", 0xA,0dh,"$"
    16 0000013B 61722066756E63696F-
    16 00000144 6E206F726967696E61-
    16 0000014D 6C2C20646572697661-
    16 00000156 6461206F20696E7465-
    16 0000015F 6772616C0A0D24     
    17 00000166 093629456E636F6E74-     main_option6:		db 0x9, "6)Encontrar ceros mediante metodo de Newton", 0xA,0dh,"$"
    17 0000016F 726172206365726F73-
    17 00000178 206D656469616E7465-
    17 00000181 206D65746F646F2064-
    17 0000018A 65204E6577746F6E0A-
    17 00000193 0D24               
    18 00000195 093729456E636F6E74-     main_option7:		db 0x9, "7)Encontrar ceros mediante metodo de Steffensen", 0xA,0dh,"$"
    18 0000019E 726172206365726F73-
    18 000001A7 206D656469616E7465-
    18 000001B0 206D65746F646F2064-
    18 000001B9 65205374656666656E-
    18 000001C2 73656E0A0D24       
    19 000001C8 09382953616C69720A-     main_option8:		db 0x9, "8)Salir", 0xA,0dh,"$"
    19 000001D1 0D24               
    20 000001D3 4C61206F7063696F6E-     input_error_1:		db "La opcion ingresada no es valida",0xA,0dh,"$"
    20 000001DC 20696E677265736164-
    20 000001E5 61206E6F2065732076-
    20 000001EE 616C6964610A0D24   
    21 000001F6 456C20746578746F20-     input_error_2:		db "El texto ingresado no es valido",0xA,0dh,"$"
    21 000001FF 696E6772657361646F-
    21 00000208 206E6F206573207661-
    21 00000211 6C69646F0A0D24     
    22 00000218 456C20696E74657276-     input_error_3:		db "El intervalo ingresado no es valido",0xA,0dh,"$"
    22 00000221 616C6F20696E677265-
    22 0000022A 7361646F206E6F2065-
    22 00000233 732076616C69646F0A-
    22 0000023C 0D24               
    23 0000023E 4C6173206974657261-     input_error_4:		db "Las iteraciones maximas deben ser un numero positivo",0xA,0dh,"$"
    23 00000247 63696F6E6573206D61-
    23 00000250 78696D617320646562-
    23 00000259 656E2073657220756E-
    23 00000262 206E756D65726F2070-
    23 0000026B 6F73697469766F0A0D-
    23 00000274 24                 
    24 00000275 4E6F20736520686120-     str_no_function:	db "No se ha almacenado ninguna funcion",0xA,0dh,"$"
    24 0000027E 616C6D6163656E6164-
    24 00000287 6F206E696E67756E61-
    24 00000290 2066756E63696F6E0A-
    24 00000299 0D24               
    25 0000029B 4C612066756E63696F-     str_function_is:	db "La funcion almacenada es:","$"
    25 000002A4 6E20616C6D6163656E-
    25 000002AD 6164612065733A24   
    26 000002B5 4C6120646572697661-     str_deriv_is:		db "La derivada de la funcion es:","$"
    26 000002BE 6461206465206C6120-
    26 000002C7 66756E63696F6E2065-
    26 000002D0 733A24             
    27 000002D3 4C6120696E74656772-     str_integral_is:	db "La integral de la funcion es:","$"
    27 000002DC 616C206465206C6120-
    27 000002E5 66756E63696F6E2065-
    27 000002EE 733A24             
    28                                  ;///////////////////////////////////////////////////////////////////////////////////////////////////////////////////////
    29 000002F1 496E67726573652065-     enter_coef_5:		db "Ingrese el coeficiente para x^5:","$"
    29 000002FA 6C20636F6566696369-
    29 00000303 656E74652070617261-
    29 0000030C 20785E353A24       
    30 00000312 496E67726573652065-     enter_coef_4:		db "Ingrese el coeficiente para x^4:","$"
    30 0000031B 6C20636F6566696369-
    30 00000324 656E74652070617261-
    30 0000032D 20785E343A24       
    31 00000333 496E67726573652065-     enter_coef_3:		db "Ingrese el coeficiente para x^3:","$"
    31 0000033C 6C20636F6566696369-
    31 00000345 656E74652070617261-
    31 0000034E 20785E333A24       
    32 00000354 496E67726573652065-     enter_coef_2:		db "Ingrese el coeficiente para x^2:","$"
    32 0000035D 6C20636F6566696369-
    32 00000366 656E74652070617261-
    32 0000036F 20785E323A24       
    33 00000375 496E67726573652065-     enter_coef_1:		db "Ingrese el coeficiente para x^1:","$"
    33 0000037E 6C20636F6566696369-
    33 00000387 656E74652070617261-
    33 00000390 20785E313A24       
    34 00000396 496E67726573652065-     enter_coef_0:		db "Ingrese el coeficiente para x^0:","$"
    34 0000039F 6C20636F6566696369-
    34 000003A8 656E74652070617261-
    34 000003B1 20785E303A24       
    35                                  ;///////////////////////////////////////////////////////////////////////////////////////////////////////////////////////
    36 000003B7 496E67726573652065-     str_enter_xo:		db "Ingrese el rango menor de X:","$"
    36 000003C0 6C2072616E676F206D-
    36 000003C9 656E6F722064652058-
    36 000003D2 3A24               
    37 000003D4 496E67726573652065-     str_enter_xf:		db "Ingrese el rango mayor de X:","$"
    37 000003DD 6C2072616E676F206D-
    37 000003E6 61796F722064652058-
    37 000003EF 3A24               
    38 000003F1 496E6772657365206C-     str_enter_y_range:	db "Ingrese la amplitud Y (+-valor):","$"
    38 000003FA 6120616D706C697475-
    38 00000403 64205920282B2D7661-
    38 0000040C 6C6F72293A24       
    39                                  ;///////////////////////////////////////////////////////////////////////////////////////////////////////////////////////
    40 00000412 496E67726573652065-     str_n_enter_xo:		db "Ingrese el limite inferior Xo:","$"
    40 0000041B 6C206C696D69746520-
    40 00000424 696E666572696F7220-
    40 0000042D 586F3A24           
    41 00000431 496E67726573652065-     str_n_enter_xf:		db "Ingrese el limite superior Xf:","$"
    41 0000043A 6C206C696D69746520-
    41 00000443 7375706572696F7220-
    41 0000044C 58663A24           
    42 00000450 496E67726573652065-     str_n_enter_iter:	db "Ingrese el numero maximo de iteraciones:","$"
    42 00000459 6C206E756D65726F20-
    42 00000462 6D6178696D6F206465-
    42 0000046B 20697465726163696F-
    42 00000474 6E65733A24         
    43 00000479 496E67726573652065-     str_n_enter_tol_c:	db "Ingrese el coeficiente de tolerancia:","$"
    43 00000482 6C20636F6566696369-
    43 0000048B 656E74652064652074-
    43 00000494 6F6C6572616E636961-
    43 0000049D 3A24               
    44 0000049F 496E67726573652065-     str_n_enter_tol_e:	db "Ingrese el exponente de tolerancia:","$"
    44 000004A8 6C206578706F6E656E-
    44 000004B1 746520646520746F6C-
    44 000004BA 6572616E6369613A24 
    45 000004C3 446573656120706175-     str_n_enter_pause:	db "Desea pausar entre cada iteracion? (Y/n)","$"
    45 000004CC 73617220656E747265-
    45 000004D5 206361646120697465-
    45 000004DE 726163696F6E3F2028-
    45 000004E7 592F6E2924         
    46                                  ;///////////////////////////////////////////////////////////////////////////////////////////////////////////////////////
    47 000004EC 477261666963617220-     str_ask_graph_fun:	db "Graficar funcion original? (Y/n)","$"
    47 000004F5 66756E63696F6E206F-
    47 000004FE 726967696E616C3F20-
    47 00000507 28592F6E2924       
    48 0000050D 477261666963617220-     str_ask_graph_der:	db "Graficar funcion derivada? (Y/n)","$"
    48 00000516 66756E63696F6E2064-
    48 0000051F 657269766164613F20-
    48 00000528 28592F6E2924       
    49 0000052E 477261666963617220-     str_ask_graph_int:	db "Graficar funcion integral? (Y/n)","$"
    49 00000537 66756E63696F6E2069-
    49 00000540 6E74656772616C3F20-
    49 00000549 28592F6E2924       
    50                                  ;///////////////////////////////////////////////////////////////////////////////////////////////////////////////////////
    51 0000054F 497465726163696F6E-     str_iter_no:		db "Iteracion numero #","$"
    51 00000558 206E756D65726F2023-
    51 00000561 24                 
    52 00000562 56616C6F7220646520-     str_iter_curr_x:	db "Valor de Xn:","$"
    52 0000056B 586E3A24           
    53 0000056F 56616C6F7220646520-     str_iter_next_x:	db "Valor de Xn+1:","$"
    53 00000578 586E2B313A24       
    54 0000057E 4572726F723A24          str_iter_error:		db "Error:","$"
    55 00000585 536F6C7563696F6E20-     str_iter_found:		db "Solucion encontrada :D","$"
    55 0000058E 656E636F6E74726164-
    55 00000597 61203A4424         
    56 0000059C 536F6C7563696F6E20-     str_iter_p_found:	db "Solucion exacta encontrada :D!","$"
    56 000005A5 65786163746120656E-
    56 000005AE 636F6E747261646120-
    56 000005B7 3A442124           
    57 000005BB 536F6C7563696F6E20-     str_iter_nfound:	db "Solucion no encontrada luego de las iteraciones maximas :(","$"
    57 000005C4 6E6F20656E636F6E74-
    57 000005CD 72616461206C756567-
    57 000005D6 6F206465206C617320-
    57 000005DF 697465726163696F6E-
    57 000005E8 6573206D6178696D61-
    57 000005F1 73203A2824         
    58 000005F6 414456455254454E43-     str_iter_der_zero:	db "ADVERTENCIA:F(Xn)=0,desfazando Xn+0.1 para seguir con los calculos","$"
    58 000005FF 49413A4628586E293D-
    58 00000608 302C64657366617A61-
    58 00000611 6E646F20586E2B302E-
    58 0000061A 312070617261207365-
    58 00000623 6775697220636F6E20-
    58 0000062C 6C6F732063616C6375-
    58 00000635 6C6F7324           
    59                                  ;///////////////////////////////////////////////////////////////////////////////////////////////////////////////////////
    60 00000639 785E362024              str_x_6:			db "x^6 ","$"
    61 0000063E 785E352024              str_x_5:			db "x^5 ","$"
    62 00000643 785E342024              str_x_4:			db "x^4 ","$"
    63 00000648 785E332024              str_x_3:			db "x^3 ","$"
    64 0000064D 785E322024              str_x_2:			db "x^2 ","$"
    65 00000652 782024                  str_x_1:			db "x ","$"
    66 00000655 2024                    str_x_0:			db " ","$"
    67 00000657 2B4324                  str_int_const:		db "+C","$"
    68 0000065A 2B24                    str_deleteme:		db "+","$"
    69                                  ;///////////////////////////////////////////////////////////////////////////////////////////////////////////////////////
    70 0000065C [8B00][A100][C500]-     options_array:		dw main_option1,main_option2,main_option3,main_option4,main_option5,main_option6,main_option7,main_option8
    70 00000662 [FB00][3201][6601]-
    70 00000668 [9501][C801]       
    71 0000066C 0A0D24                  text_ln_r:			db 0xA,0dh, "$"
    72                                  
    73                                  SECTION .data
    74 00000000 0000                    fpu_control_word:	dw 0
    75 00000002 8002                    screen_size_x:		dw 640
    76 00000004 E001                    screen_size_y:		dw 480
    77 00000006 F000                    screen_center_y:	dw 240
    78 00000008 0000                    screenX:			dw 0x0
    79 0000000A 0000                    screenY:			dw 0x0
    80 0000000C 00000000                screenY_float:		dd 0x0
    81                                  
    82 00000010 01                      function_exists:	db 1  ;TODO change to 0, for debug use already existing function
    83                                  
    84 00000011 0000                    coef_5: 			dw 0  ; x^5
    85 00000013 00                      coef_5_sign: 		db 0
    86 00000014 0000                    coef_4: 			dw 0  ; x^4
    87 00000016 00                      coef_4_sign: 		db 0
    88 00000017 0000                    coef_3: 			dw 0  ; x^3
    89 00000019 00                      coef_3_sign: 		db 0
    90 0000001A 0100                    coef_2: 			dw 1  ; x^2
    91 0000001C 00                      coef_2_sign: 		db 0
    92 0000001D 0100                    coef_1: 			dw 1  ; x
    93 0000001F 01                      coef_1_sign: 		db 1
    94 00000020 0000                    coef_0: 			dw 0 ; constant
    95 00000022 00                      coef_0_sign: 		db 0
    96                                  
    97 00000023 0000                    coef_5_d: 			dw 0  ; d/dx x^5
    98 00000025 0000                    coef_4_d: 			dw 0  ; d/dx x^4
    99 00000027 0000                    coef_3_d: 			dw 0  ; d/dx x^3
   100 00000029 0000                    coef_2_d: 			dw 0  ; d/dx x^2
   101 0000002B 0000                    coef_1_d: 			dw 0  ; d/dx x
   102                                  
   103 0000002D 0000                    coef_5_i_num: 		dw 0  ; x^5
   104 0000002F 0000                    coef_5_i_den: 		dw 0  ; x^5
   105 00000031 0000                    coef_4_i_num: 		dw 0  ; x^4
   106 00000033 0000                    coef_4_i_den: 		dw 0  ; x^4
   107 00000035 0000                    coef_3_i_num: 		dw 0  ; x^3
   108 00000037 0000                    coef_3_i_den: 		dw 0  ; x^3
   109 00000039 0000                    coef_2_i_num: 		dw 0  ; x^2
   110 0000003B 0000                    coef_2_i_den: 		dw 0  ; x^2
   111 0000003D 0000                    coef_1_i_num: 		dw 0  ; x
   112 0000003F 0000                    coef_1_i_den: 		dw 0  ; x
   113 00000041 0000                    coef_0_i_num: 		dw 0 ; constant
   114 00000043 0000                    coef_0_i_den: 		dw 0 ; constant
   115                                  
   116 00000045 0000                    coef_c:				dw 0 ; +C
   117 00000047 0000                    coef_c_sign:		dw 0 ; +C
   118                                  ;///////////////////////////////////////////////////////////////////////////////////////////////////////////////////////
   119 00000049 0000000000000000        graph_result_y:		dq 0.0
   120 00000051 0000000000000000        graph_result_y_d:	dq 0.0
   121 00000059 0000000000000000        graph_result_y_i:	dq 0.0
   122                                  ;///////////////////////////////////////////////////////////////////////////////////////////////////////////////////////
   123 00000061 000000000000E03F        graph_current_x:	dq 0.5
   124 00000069 0000                    graph_xo:			dw 0
   125 0000006B 0000                    graph_xf:			dw 0
   126 0000006D 0000000000000000        graph_x_step:		dq 0.0
   127 00000075 0F00                    graph_y_size:		dw 15	; +-range
   128 00000077 0100                    graph_num_1:		dw 1
   129 00000079 02000000                graph_num_2:		dd 2
   130 0000007D 00002041                graph_num_10_f:		dd 10.0
   131 00000081 0000                    graph_random_int: 	dw 0
   132                                  ;///////////////////////////////////////////////////////////////////////////////////////////////////////////////////////
   133 00000083 01                      graph_active_fun:	db 1
   134 00000084 01                      graph_active_der:	db 1
   135 00000085 01                      graph_active_int:	db 1
   136                                  ;///////////////////////////////////////////////////////////////////////////////////////////////////////////////////////
   137 00000086 0000                    draw_fill_rect_w:	dw 0x0
   138 00000088 0000                    draw_fill_rect_w_c:	dw 0x0
   139 0000008A 0000                    draw_fill_rect_h:	dw 0x0
   140                                  ;///////////////////////////////////////////////////////////////////////////////////////////////////////////////////////
   141 0000008C F401                    numeric_max_iter:	dw 500
   142 0000008E F168E388B5F8E43E        numeric_tolerance:	dq 0.00001
   143 00000096 0000                    numeric_limit_inf:	dw 0
   144 00000098 0100                    numeric_limit_sup:	dw 1
   145 0000009A 01                      numeric_pause_step:	db 1
   146                                  ;///////////////////////////////////////////////////////////////////////////////////////////////////////////////////////
   147 0000009B 0100                    numeric_cur_iter:	dw 1
   148 0000009D 00                      numeric_sol_found:	db 0
   149 0000009E 0A00                    numeric_disp_decim:	dw 10
   150 000000A0 0000                    numeric_dec_count:	dw 0
   151 000000A2 0000000000002840        numeric_trans_num:	dq 12.0
   152 000000AA 0000                    numeric_remainder:	dw 0
   153 000000AC 0000000000000000        numeric_error:		dq 0.0
   154 000000B4 CDCCCC3D                deriv_zero_offset:	dd 0.1
   155 000000B8 0000                    numeric_tol_c:		dw 0	;Needed only temporarily
   156 000000BA 0000                    numeric_tol_e:		dw 0	;Needed only temporarily
   157 000000BC 00                      numeric_tol_e_sign:	db 0	;Needed only temporarily
   158                                  ;///////////////////////////////////////////////////////////////////////////////////////////////////////////////////////
   159 000000BD 0000000000000000        steff_curr_x:		dq 0.0
   160 000000C5 0000000000000000        steff_fx:			dq 0.0
   161 000000CD 0000000000000000        steff_denominator:	dq 0.0
   162                                  ;///////////////////////////////////////////////////////////////////////////////////////////////////////////////////////
   163 000000D5 0000                    f2s_padding_chars:	dw 0
   164                                  ;///////////////////////////////////////////////////////////////////////////////////////////////////////////////////////
   165 000000D7 88635DDC460398BF        debug_test_float:	dq -0.02345
   166 000000DF 0000000000000000        debug_trash:		dq 0.0
   167                                  ;///////////////////////////////////////////////////////////////////////////////////////////////////////////////////////
   168 000000E7 3F0C                    fpu_floor:			dw 0x0C3F
   169 000000E9 7F03                    fpu_round:			dw 0x037F
   170 000000EB 3F0E                    fpu_ceil:			dw 0x0E3F
   171                                  ;///////////////////////////////////////////////////////////////////////////////////////////////////////////////////////
   172 000000ED 0000                    inStrBuf_p:			dw 0x0
   173 000000EF 00<rep 46h>             inStrBuf:  			times 70 db 0x0
   174 00000135 00<rep 46h>             gen_output_buff: 	times 70 db 0x0
   175                                  
   176                                  SECTION .bss
   177                                  
   178                                  SECTION .text
   179                                  
   180                                  global _start
   181                                  	 bits 16		;It's 16bit (for DOS)
   182                                  	 org 0x100	  	;It's a .COM program (Start program at offset 100h)
   183                                  
   184                                  _start:
   185                                  	CLEARSCREEN
     2                              <1> 
     3 00000000 B400                <1>  mov AH, 0x0
     4 00000002 B012                <1>  mov AL, 0x12
     5 00000004 CD10                <1>  int 0x10
   186                                  
   187 00000006 9BDBE3                  	finit	;TODO necessary? idk
   188                                  
   189                                  ;	;DEBUG
   190 00000009 A1[2300]                	mov AX, [coef_5_d]
   191 0000000C E8250E                  	call UpdateDerivativeCoefficients
   192 0000000F E8640E                  	call UpdateIntegralCoefficients
   193                                  ;	call PrintFunctionDerivative
   194                                  
   195                                  ;
   196                                  ;	call CalculateFunctionY
   197                                  ;	fld qword [graph_result_y]
   198                                  
   199                                  ;	call SolveByNewton
   200                                  
   201                                  	;	call AskNumericParameters
   202                                  ;    	call SolveByNewton
   203                                      ;	fldcw word [fpu_floor]
   204                                      ;	mov SI, gen_output_buff
   205                                      ;	fld qword [debug_test_float]
   206                                      ;	call FloatToString
   207                                      ;	MACRO_PRINT_STRING gen_output_buff
   208                                      ;	MACRO_PRINT_STRING text_ln_r
   209                                      ;	fldcw word [fpu_round]
   210                                      ;
   211                                      ;	MACRO_INPUT_CHAR_NO_ECO
   212                                  	;END DEBUG
   213                                  
   214 00000012 E8A80F                  	call UserMainOptionInput
   215                                  	MACRO_EXIT_APPLICATION
     9 00000015 B44C                <1>  mov AH, 0x4C
    10 00000017 B000                <1>  mov AL, 0x0
    11 00000019 CD21                <1>  int 0x21
   216                                  
   217                                  AskNumericParameters:
   218                                  	AskNumericParameters_enter_xo:
   219                                  	MACRO_PRINT_STRING str_n_enter_xo			;Promt to enter data
    29 0000001B B409                <1>  mov AH, 0x9
    30 0000001D BA[1204]            <1>  mov DX, %1
    31 00000020 CD21                <1>  int 0x21
   220 00000022 E86B0F                  	call ReadUntilLN							;Read input
   221                                  	MACRO_PARSE_STRING_BUFFER inStrBuf			;Parse the number
    36 00000025 BE[EF00]            <1>  mov SI, %1
    37 00000028 E81E0F              <1>  call ParseString
   222 0000002B 50                      	push AX										;save entered number
   223 0000002C B409                    	mov AH, 0x9
   224 0000002E BA[6C06]                	mov DX, text_ln_r							;print newline
   225 00000031 CD21                    	int 0x21
   226 00000033 58                      	pop AX										;Restore entered number
   227 00000034 83F901                  	cmp CX, 0x1									;Was there an error?
   228 00000037 7509                    	jne AskNumericParameters_xo_ok
   229                                  	MACRO_PRINT_STRING input_error_2			;Tell user to try again
    29 00000039 B409                <1>  mov AH, 0x9
    30 0000003B BA[F601]            <1>  mov DX, %1
    31 0000003E CD21                <1>  int 0x21
   230 00000040 EBD9                    	jmp AskNumericParameters_enter_xo
   231                                  	AskNumericParameters_xo_ok:
   232 00000042 83FB00                  	cmp BX, 0x0									;Was it negative?
   233 00000045 7402                    	je AskNumericParameters_xo_positive
   234 00000047 F7D8                    	neg AX										;Make it negative
   235                                  	AskNumericParameters_xo_positive:
   236 00000049 A3[9600]                	mov [numeric_limit_inf], AX			;Save entered coefficient
   237                                  	;###################################################################################################################
   238                                  	AskNumericParameters_enter_xf:
   239                                  	MACRO_PRINT_STRING str_n_enter_xf			;Promt to enter data
    29 0000004C B409                <1>  mov AH, 0x9
    30 0000004E BA[3104]            <1>  mov DX, %1
    31 00000051 CD21                <1>  int 0x21
   240 00000053 E83A0F                  	call ReadUntilLN							;Read input
   241                                  	MACRO_PARSE_STRING_BUFFER inStrBuf			;Parse the number
    36 00000056 BE[EF00]            <1>  mov SI, %1
    37 00000059 E8ED0E              <1>  call ParseString
   242 0000005C 50                      	push AX										;save entered number
   243 0000005D B409                    	mov AH, 0x9
   244 0000005F BA[6C06]                	mov DX, text_ln_r							;print newline
   245 00000062 CD21                    	int 0x21
   246 00000064 58                      	pop AX										;Restore entered number
   247 00000065 83F901                  	cmp CX, 0x1									;Was there an error?
   248 00000068 7509                    	jne AskNumericParameters_xf_ok
   249                                  	MACRO_PRINT_STRING input_error_2			;Tell user to try again
    29 0000006A B409                <1>  mov AH, 0x9
    30 0000006C BA[F601]            <1>  mov DX, %1
    31 0000006F CD21                <1>  int 0x21
   250 00000071 EBD9                    	jmp AskNumericParameters_enter_xf
   251                                  	AskNumericParameters_xf_ok:
   252 00000073 83FB00                  	cmp BX, 0x0									;Was it negative?
   253 00000076 7402                    	je AskNumericParameters_xf_positive
   254 00000078 F7D8                    	neg AX										;Make it negative
   255                                  	AskNumericParameters_xf_positive:
   256                                  
   257 0000007A 89C2                    	mov DX, AX
   258 0000007C 2B16[9600]              	sub DX, [numeric_limit_inf]					;Sets SF is range is invalid
   259 00000080 7D09                    	jge AskNumericParameters_valid_range		;jns?
   260                                  	MACRO_PRINT_STRING input_error_3			;If not,Tell user
    29 00000082 B409                <1>  mov AH, 0x9
    30 00000084 BA[1802]            <1>  mov DX, %1
    31 00000087 CD21                <1>  int 0x21
   261 00000089 EB90                    	jmp AskNumericParameters_enter_xo			;And try again the whole range
   262                                  
   263                                  	AskNumericParameters_valid_range:
   264 0000008B A3[9800]                	mov [numeric_limit_sup], AX					;Save entered coefficient
   265                                  	;###################################################################################################################
   266                                  	AskNumericParameters_enter_max_iter:
   267                                  	MACRO_PRINT_STRING str_n_enter_iter			;Promt to enter data
    29 0000008E B409                <1>  mov AH, 0x9
    30 00000090 BA[5004]            <1>  mov DX, %1
    31 00000093 CD21                <1>  int 0x21
   268 00000095 E8F80E                  	call ReadUntilLN							;Read input
   269                                  	MACRO_PARSE_STRING_BUFFER inStrBuf			;Parse the number
    36 00000098 BE[EF00]            <1>  mov SI, %1
    37 0000009B E8AB0E              <1>  call ParseString
   270 0000009E 50                      	push AX										;save entered number
   271 0000009F B409                    	mov AH, 0x9
   272 000000A1 BA[6C06]                	mov DX, text_ln_r							;print newline
   273 000000A4 CD21                    	int 0x21
   274 000000A6 58                      	pop AX										;Restore entered number
   275 000000A7 83F901                  	cmp CX, 0x1									;Was there an error?
   276 000000AA 7509                    	jne AskNumericParameters_enter_max_iter_ok
   277                                  	MACRO_PRINT_STRING input_error_2			;Tell user to try again
    29 000000AC B409                <1>  mov AH, 0x9
    30 000000AE BA[F601]            <1>  mov DX, %1
    31 000000B1 CD21                <1>  int 0x21
   278 000000B3 EBD9                    	jmp AskNumericParameters_enter_max_iter
   279                                  
   280                                  	AskNumericParameters_enter_max_iter_ok:
   281 000000B5 83FB00                  	cmp BX, 0x0									;Was it negative?
   282 000000B8 7409                    	je AskNumericParameters_max_iter_positive
   283                                  	MACRO_PRINT_STRING input_error_4			;Error
    29 000000BA B409                <1>  mov AH, 0x9
    30 000000BC BA[3E02]            <1>  mov DX, %1
    31 000000BF CD21                <1>  int 0x21
   284 000000C1 EBCB                    	jmp AskNumericParameters_enter_max_iter		;and try again
   285                                  
   286                                  	AskNumericParameters_max_iter_positive:
   287 000000C3 A3[8C00]                	mov [numeric_max_iter], AX					;Save entered coefficient
   288                                  ;	;###################################################################################################################
   289                                  	AskNumericParameters_enter_tol_c:
   290                                  	MACRO_PRINT_STRING str_n_enter_tol_c		;Promt to enter data
    29 000000C6 B409                <1>  mov AH, 0x9
    30 000000C8 BA[7904]            <1>  mov DX, %1
    31 000000CB CD21                <1>  int 0x21
   291 000000CD E8C00E                  	call ReadUntilLN							;Read input
   292                                  	MACRO_PARSE_STRING_BUFFER inStrBuf			;Parse the number
    36 000000D0 BE[EF00]            <1>  mov SI, %1
    37 000000D3 E8730E              <1>  call ParseString
   293 000000D6 50                      	push AX										;save entered number
   294 000000D7 B409                    	mov AH, 0x9
   295 000000D9 BA[6C06]                	mov DX, text_ln_r							;print newline
   296 000000DC CD21                    	int 0x21
   297 000000DE 58                      	pop AX										;Restore entered number
   298 000000DF 83F901                  	cmp CX, 0x1									;Was there an error?
   299 000000E2 7509                    	jne AskNumericParameters_enter_tol_c_ok
   300                                  	MACRO_PRINT_STRING input_error_2			;Tell user to try again
    29 000000E4 B409                <1>  mov AH, 0x9
    30 000000E6 BA[F601]            <1>  mov DX, %1
    31 000000E9 CD21                <1>  int 0x21
   301 000000EB EBD9                    	jmp AskNumericParameters_enter_tol_c
   302                                  
   303                                  	AskNumericParameters_enter_tol_c_ok:
   304 000000ED 83FB00                  	cmp BX, 0x0									;Was it negative?
   305 000000F0 7409                    	je AskNumericParameters_tol_c_positive
   306                                  	MACRO_PRINT_STRING input_error_4			;Error
    29 000000F2 B409                <1>  mov AH, 0x9
    30 000000F4 BA[3E02]            <1>  mov DX, %1
    31 000000F7 CD21                <1>  int 0x21
   307 000000F9 EBCB                    	jmp AskNumericParameters_enter_tol_c		;and try again
   308                                  
   309                                  	AskNumericParameters_tol_c_positive:
   310 000000FB A3[B800]                	mov [numeric_tol_c], AX					;Save entered coefficient
   311                                  	;###################################################################################################################
   312                                  	AskNumericParameters_enter_tol_e:
   313                                  	MACRO_PRINT_STRING str_n_enter_tol_e		;Promt to enter data
    29 000000FE B409                <1>  mov AH, 0x9
    30 00000100 BA[9F04]            <1>  mov DX, %1
    31 00000103 CD21                <1>  int 0x21
   314 00000105 E8880E                  	call ReadUntilLN							;Read input
   315                                  	MACRO_PARSE_STRING_BUFFER inStrBuf			;Parse the number
    36 00000108 BE[EF00]            <1>  mov SI, %1
    37 0000010B E83B0E              <1>  call ParseString
   316 0000010E 50                      	push AX										;save entered number
   317 0000010F B409                    	mov AH, 0x9
   318 00000111 BA[6C06]                	mov DX, text_ln_r							;print newline
   319 00000114 CD21                    	int 0x21
   320 00000116 58                      	pop AX										;Restore entered number
   321 00000117 83F901                  	cmp CX, 0x1									;Was there an error?
   322 0000011A 7509                    	jne AskNumericParameters_tol_e_ok
   323                                  	MACRO_PRINT_STRING input_error_2			;Tell user to try again
    29 0000011C B409                <1>  mov AH, 0x9
    30 0000011E BA[F601]            <1>  mov DX, %1
    31 00000121 CD21                <1>  int 0x21
   324 00000123 EBD9                    	jmp AskNumericParameters_enter_tol_e
   325                                  	AskNumericParameters_tol_e_ok:
   326                                  	;###########################################
   327 00000125 A3[BA00]                	mov [numeric_tol_e], AX
   328 00000128 891E[BC00]              	mov [numeric_tol_e_sign], BX
   329                                  
   330 0000012C D9E8                    	fld1										;									F-stack:1
   331                                  	AskNumericParameters_tol_e_loop:
   332 0000012E 83F800                  		cmp AX, 0
   333 00000131 7407                    		je AskNumericParameters_tol_e_loop_done
   334 00000133 D80E[7D00]              		fmul dword [graph_num_10_f]
   335 00000137 48                      		dec AX
   336 00000138 EBF4                    		jmp AskNumericParameters_tol_e_loop
   337                                  
   338                                  	AskNumericParameters_tol_e_loop_done:
   339 0000013A 83FB00                  	cmp BX, 0
   340 0000013D 7404                    	je AskNumericParameters_tol_e_positive2
   341 0000013F D9E8                    	fld1										;									F-stack:2
   342 00000141 DEF1                    	fdivrp										;									F-stack:1
   343                                  	AskNumericParameters_tol_e_positive2:
   344 00000143 DE0E[B800]              	fimul word [numeric_tol_c]
   345 00000147 DD1E[8E00]              	fstp qword [numeric_tolerance]
   346                                  	;###################################################################################################################
   347                                  	;Ask if user wants pause between iterations
   348 0000014B C606[9A00]01            	mov [numeric_pause_step], byte 0x1
   349                                  	MACRO_PRINT_STRING str_n_enter_pause
    29 00000150 B409                <1>  mov AH, 0x9
    30 00000152 BA[C304]            <1>  mov DX, %1
    31 00000155 CD21                <1>  int 0x21
   350 00000157 B401                    	mov AH, 0x1								;Keyboard Input with Echo
   351 00000159 CD21                    	int 0x21								;DOS Function Dispatcher
   352 0000015B 3C6E                    	cmp AL, 110								;user entered "n"?
   353 0000015D 7505                    	jne AskNumericParameters_pause_ok
   354 0000015F C606[9A00]00            	mov [numeric_pause_step], byte 0x0
   355                                  
   356                                  	AskNumericParameters_pause_ok:
   357 00000164 C3                      	ret
   358                                  
   359                                  
   360                                  
   361                                  SolveBySteffensen:
   362                                  	;Let initial guess be midpoint of limits
   363 00000165 DF06[9600]              	fild word [numeric_limit_inf]				;									F-stack:1
   364 00000169 DE06[9800]              	fiadd word [numeric_limit_sup]
   365 0000016D DA36[7900]              	fidiv dword [graph_num_2]
   366 00000171 DD1E[6100]              	fstp qword [graph_current_x]				;									F-stack:0
   367                                  
   368 00000175 C706[9B00]0100          	mov word [numeric_cur_iter], 1				;Reset current iteration to 1
   369                                  
   370 0000017B C606[9D00]00            	mov [numeric_sol_found], byte 0				;Solution is not found yet
   371                                  
   372                                  	SolveBySteffensen_loop:
   373 00000180 A1[8C00]                		mov AX, word [numeric_max_iter]			;Prepare for comparison
   374 00000183 3906[9B00]              		cmp word [numeric_cur_iter], AX			;If we have reached max iterations
   375 00000187 0F87CE01                		ja SolveBySteffensen_no_solution		;Exit without solution found
   376                                  
   377                                  		MACRO_SET_CURSOR_AT 23,0
   361 0000018B 60                  <1>  pusha
   362 0000018C B402                <1>  mov AH, 0x2
   363 0000018E B700                <1>  mov BH, 0x0
   364 00000190 B617                <1>  mov DH, %1
   365 00000192 B200                <1>  mov DL, %2
   366 00000194 CD10                <1>  int 0x10
   367 00000196 61                  <1>  popa
   378                                  		;Print current iter info
   379                                  		MACRO_PRINT_STRING main_title_s
    29 00000197 B409                <1>  mov AH, 0x9
    30 00000199 BA[0000]            <1>  mov DX, %1
    31 0000019C CD21                <1>  int 0x21
   380                                  		MACRO_PRINT_STRING str_iter_no
    29 0000019E B409                <1>  mov AH, 0x9
    30 000001A0 BA[4F05]            <1>  mov DX, %1
    31 000001A3 CD21                <1>  int 0x21
   381                                  		MACRO_PARSE_NUMBER_WITHOUT_SIGN_TO_STRING [numeric_cur_iter]
    65 000001A5 BE[3501]            <1>  mov SI, word gen_output_buff
    66 000001A8 6A00                <1>  push word 0x0
    67 000001AA FF36[9B00]          <1>  push word %1
    68 000001AE E8C816              <1>  call NumberToString
    69 000001B1 6683C404            <1>  add ESP, 4
   382                                  		MACRO_PRINT_STRING gen_output_buff
    29 000001B5 B409                <1>  mov AH, 0x9
    30 000001B7 BA[3501]            <1>  mov DX, %1
    31 000001BA CD21                <1>  int 0x21
   383                                  		MACRO_PRINT_STRING main_title_s
    29 000001BC B409                <1>  mov AH, 0x9
    30 000001BE BA[0000]            <1>  mov DX, %1
    31 000001C1 CD21                <1>  int 0x21
   384                                  		MACRO_PRINT_STRING text_ln_r
    29 000001C3 B409                <1>  mov AH, 0x9
    30 000001C5 BA[6C06]            <1>  mov DX, %1
    31 000001C8 CD21                <1>  int 0x21
   385                                  
   386                                  		;####################################################################
   387 000001CA D92E[E700]              		fldcw word [fpu_floor]
   388                                  		MACRO_PRINT_STRING str_iter_curr_x
    29 000001CE B409                <1>  mov AH, 0x9
    30 000001D0 BA[6205]            <1>  mov DX, %1
    31 000001D3 CD21                <1>  int 0x21
   389                                  		;							Print ~X
   390 000001D5 BE[3501]                		mov SI, gen_output_buff
   391 000001D8 DD06[6100]              		fld qword [graph_current_x]
   392 000001DC E8EB16                  		call FloatToString
   393                                  		MACRO_PRINT_STRING gen_output_buff
    29 000001DF B409                <1>  mov AH, 0x9
    30 000001E1 BA[3501]            <1>  mov DX, %1
    31 000001E4 CD21                <1>  int 0x21
   394                                  		MACRO_PRINT_STRING text_ln_r
    29 000001E6 B409                <1>  mov AH, 0x9
    30 000001E8 BA[6C06]            <1>  mov DX, %1
    31 000001EB CD21                <1>  int 0x21
   395 000001ED D92E[E900]              		fldcw word [fpu_round]
   396                                  		;####################################################################
   397                                  		;							Print exact X hex
   398 000001F1 BE[3501]                		mov SI, gen_output_buff
   399 000001F4 68[6100]                		push graph_current_x
   400 000001F7 E87901                  		call DoubleFloatInMemoryToHexString
   401 000001FA 6683C402                		add ESP, 2
   402                                  		MACRO_PRINT_STRING gen_output_buff
    29 000001FE B409                <1>  mov AH, 0x9
    30 00000200 BA[3501]            <1>  mov DX, %1
    31 00000203 CD21                <1>  int 0x21
   403                                  		MACRO_PRINT_STRING text_ln_r
    29 00000205 B409                <1>  mov AH, 0x9
    30 00000207 BA[6C06]            <1>  mov DX, %1
    31 0000020A CD21                <1>  int 0x21
   404                                  ;		####################################################################
   405 0000020C E8BE06                  		call CalculateFunctionY
   406                                  
   407 0000020F DD06[6100]              		fld qword [graph_current_x]		;									F-stack:1
   408 00000213 DD1E[BD00]              		fstp qword [steff_curr_x]		;Backup current X before method		F-stack:0
   409                                  										;Since we will need to modify it for intermediate calculations
   410                                  
   411 00000217 DD06[4900]              		fld qword [graph_result_y]		;Load f(x0)							F-stack:1
   412 0000021B DD16[C500]              		fst qword [steff_fx]			;For later usage
   413                                  
   414                                  		;if f(x0)=0, perfect solution!
   415 0000021F D9E4                    		ftst							;cmp f(x0), error					F-stack:1
   416 00000221 DFE0                    		fnstsw ax						;flags to ax
   417 00000223 9E                      		sahf							;ax to cpu flags
   418 00000224 0F84FD00                		je SolveBySteffensen_perfect_solution_found
   419                                  
   420                                  
   421 00000228 DC06[6100]              		fadd qword [graph_current_x]	;f(x0)+x
   422                                  
   423                                  		;For intermediate calculation of f(f(x0)+x0)
   424 0000022C DD1E[6100]              		fstp qword [graph_current_x]	;									F-stack:0
   425 00000230 E89A06                  		call CalculateFunctionY			;calculate it
   426                                  
   427 00000233 DD06[4900]              		fld qword [graph_result_y]		;f(f(x0)+x0)						F-stack:1
   428 00000237 DC26[C500]              		fsub qword [steff_fx]		;f(f(x0)+x0)-f(x0)
   429 0000023B DD1E[CD00]              		fstp qword [steff_denominator]	;Save for later						F-stack:0
   430                                  
   431 0000023F DD06[C500]              		fld qword [steff_fx]			;f(x)								F-stack:1
   432 00000243 DC0E[C500]              		fmul qword [steff_fx]			;f^2(x)
   433                                  
   434 00000247 DC36[CD00]              		fdiv qword [steff_denominator]	;f^2(x)/[f(f(x0)+x0)-f(x0)]
   435                                  
   436                                  		;################################################################################
   437                                  		;Error calculation
   438 0000024B DD16[A200]              		fst qword [numeric_trans_num]	;Store in in tmp number
   439 0000024F D9E1                    		fabs
   440 00000251 DD16[AC00]              		fst qword [numeric_error]		;Store the error
   441 00000255 DD06[8E00]              		fld qword [numeric_tolerance]	;									F-stack:2
   442 00000259 D8D9                    		fcomp							;cmp TOL, error						F-stack:1
   443 0000025B DFE0                    		fnstsw ax						;flags to ax
   444 0000025D 9E                      		sahf							;ax to cpu flags
   445 0000025E 7205                    		jb SolveBySteffensen_keep_going
   446 00000260 C606[9D00]01            		mov [numeric_sol_found], byte 1	;Solution found!
   447                                  		SolveBySteffensen_keep_going:
   448 00000265 DD1E[DF00]              		fstp qword [debug_trash]		;Trash number with abs TODO change to clean stack command
   449 00000269 DD06[A200]              		fld qword [numeric_trans_num]	;Bring back number with sign
   450                                  		;################################################################################
   451 0000026D DC2E[BD00]              		fsubr qword [steff_curr_x]	;Xn - Xo
   452 00000271 DD1E[6100]              		fstp qword [graph_current_x]	;Store new value found				F-stack:0
   453                                  
   454 00000275 8306[9B00]01            		add [numeric_cur_iter], word 1	;current_iter++
   455                                  		;####################################################################
   456 0000027A D92E[E700]              		fldcw word [fpu_floor]
   457                                  		MACRO_PRINT_STRING str_iter_next_x
    29 0000027E B409                <1>  mov AH, 0x9
    30 00000280 BA[6F05]            <1>  mov DX, %1
    31 00000283 CD21                <1>  int 0x21
   458                                  		;							Print ~X
   459 00000285 BE[3501]                		mov SI, gen_output_buff
   460 00000288 DD06[6100]              		fld qword [graph_current_x]
   461 0000028C E83B16                  		call FloatToString
   462                                  		MACRO_PRINT_STRING gen_output_buff
    29 0000028F B409                <1>  mov AH, 0x9
    30 00000291 BA[3501]            <1>  mov DX, %1
    31 00000294 CD21                <1>  int 0x21
   463                                  		MACRO_PRINT_STRING text_ln_r
    29 00000296 B409                <1>  mov AH, 0x9
    30 00000298 BA[6C06]            <1>  mov DX, %1
    31 0000029B CD21                <1>  int 0x21
   464 0000029D D92E[E900]              		fldcw word [fpu_round]
   465                                  		;####################################################################
   466                                  		;							Print exact X hex
   467 000002A1 BE[3501]                		mov SI, gen_output_buff
   468 000002A4 68[6100]                		push graph_current_x
   469 000002A7 E8C900                  		call DoubleFloatInMemoryToHexString
   470 000002AA 6683C402                		add ESP, 2
   471                                  		MACRO_PRINT_STRING gen_output_buff
    29 000002AE B409                <1>  mov AH, 0x9
    30 000002B0 BA[3501]            <1>  mov DX, %1
    31 000002B3 CD21                <1>  int 0x21
   472                                  		MACRO_PRINT_STRING text_ln_r
    29 000002B5 B409                <1>  mov AH, 0x9
    30 000002B7 BA[6C06]            <1>  mov DX, %1
    31 000002BA CD21                <1>  int 0x21
   473                                  		;####################################################################
   474 000002BC D92E[E700]              		fldcw word [fpu_floor]
   475                                  		MACRO_PRINT_STRING str_iter_error
    29 000002C0 B409                <1>  mov AH, 0x9
    30 000002C2 BA[7E05]            <1>  mov DX, %1
    31 000002C5 CD21                <1>  int 0x21
   476                                  		;							Print ~Error
   477 000002C7 BE[3501]                		mov SI, gen_output_buff
   478 000002CA DD06[AC00]              		fld qword [numeric_error]
   479 000002CE E8F915                  		call FloatToString
   480                                  		MACRO_PRINT_STRING gen_output_buff
    29 000002D1 B409                <1>  mov AH, 0x9
    30 000002D3 BA[3501]            <1>  mov DX, %1
    31 000002D6 CD21                <1>  int 0x21
   481                                  		MACRO_PRINT_STRING text_ln_r
    29 000002D8 B409                <1>  mov AH, 0x9
    30 000002DA BA[6C06]            <1>  mov DX, %1
    31 000002DD CD21                <1>  int 0x21
   482 000002DF D92E[E900]              		fldcw word [fpu_round]
   483                                  		;####################################################################
   484                                  		;							Print exact Error hex
   485 000002E3 BE[3501]                		mov SI, gen_output_buff
   486 000002E6 68[AC00]                		push numeric_error
   487 000002E9 E88700                  		call DoubleFloatInMemoryToHexString
   488 000002EC 6683C402                		add ESP, 2
   489                                  		MACRO_PRINT_STRING gen_output_buff
    29 000002F0 B409                <1>  mov AH, 0x9
    30 000002F2 BA[3501]            <1>  mov DX, %1
    31 000002F5 CD21                <1>  int 0x21
   490                                  		MACRO_PRINT_STRING text_ln_r
    29 000002F7 B409                <1>  mov AH, 0x9
    30 000002F9 BA[6C06]            <1>  mov DX, %1
    31 000002FC CD21                <1>  int 0x21
   491                                  		;####################################################################
   492                                  		;Scroll the screen up
   493                                  		MACRO_SCROLL_UP_BY 7
   347 000002FE 60                  <1>  pusha
   348 000002FF B406                <1>  mov AH, 0x6
   349 00000301 B007                <1>  mov AL, %1
   350 00000303 B700                <1>  mov BH, 0
   351 00000305 B500                <1>  mov CH, 0x0
   352 00000307 B100                <1>  mov CL, 0x0
   353 00000309 B61D                <1>  mov DH, 29
   354 0000030B B24F                <1>  mov DL, 79
   355 0000030D CD10                <1>  int 10h
   356 0000030F 61                  <1>  popa
   494                                  
   495 00000310 803E[9A00]00            		cmp byte [numeric_pause_step], 0
   496 00000315 7404                    		je SolveBySteffensen_no_pause
   497                                  		MACRO_INPUT_CHAR_NO_ECO
    15 00000317 B408                <1>  mov AH, 0x8
    16 00000319 CD21                <1>  int 0x21
   498                                  		SolveBySteffensen_no_pause:
   499                                  
   500 0000031B 803E[9D00]01            		cmp byte [numeric_sol_found], 1
   501 00000320 741D                    		je SolveBySteffensen_solution_found
   502 00000322 E95BFE                  		jmp SolveBySteffensen_loop
   503                                  
   504                                  
   505                                  	SolveBySteffensen_perfect_solution_found:
   506                                  ;	MACRO_SCROLL_UP_BY 2
   507                                  	MACRO_PRINT_STRING str_iter_p_found
    29 00000325 B409                <1>  mov AH, 0x9
    30 00000327 BA[9C05]            <1>  mov DX, %1
    31 0000032A CD21                <1>  int 0x21
   508                                  	MACRO_PRINT_STRING text_ln_r
    29 0000032C B409                <1>  mov AH, 0x9
    30 0000032E BA[6C06]            <1>  mov DX, %1
    31 00000331 CD21                <1>  int 0x21
   509                                  	MACRO_PRINT_STRING str_press_any
    29 00000333 B409                <1>  mov AH, 0x9
    30 00000335 BA[6300]            <1>  mov DX, %1
    31 00000338 CD21                <1>  int 0x21
   510                                  	MACRO_INPUT_CHAR_NO_ECO
    15 0000033A B408                <1>  mov AH, 0x8
    16 0000033C CD21                <1>  int 0x21
   511 0000033E C3                      	ret
   512                                  
   513                                  	SolveBySteffensen_solution_found:
   514                                  ;	MACRO_SCROLL_UP_BY 2
   515                                  	MACRO_PRINT_STRING str_iter_found
    29 0000033F B409                <1>  mov AH, 0x9
    30 00000341 BA[8505]            <1>  mov DX, %1
    31 00000344 CD21                <1>  int 0x21
   516                                  	MACRO_PRINT_STRING text_ln_r
    29 00000346 B409                <1>  mov AH, 0x9
    30 00000348 BA[6C06]            <1>  mov DX, %1
    31 0000034B CD21                <1>  int 0x21
   517                                  	MACRO_PRINT_STRING str_press_any
    29 0000034D B409                <1>  mov AH, 0x9
    30 0000034F BA[6300]            <1>  mov DX, %1
    31 00000352 CD21                <1>  int 0x21
   518                                  	MACRO_INPUT_CHAR_NO_ECO
    15 00000354 B408                <1>  mov AH, 0x8
    16 00000356 CD21                <1>  int 0x21
   519 00000358 C3                      	ret
   520                                  
   521                                  
   522                                  
   523                                  	SolveBySteffensen_no_solution:
   524                                  ;	MACRO_SCROLL_UP_BY 2
   525                                  	MACRO_PRINT_STRING str_iter_nfound
    29 00000359 B409                <1>  mov AH, 0x9
    30 0000035B BA[BB05]            <1>  mov DX, %1
    31 0000035E CD21                <1>  int 0x21
   526                                  	MACRO_PRINT_STRING text_ln_r
    29 00000360 B409                <1>  mov AH, 0x9
    30 00000362 BA[6C06]            <1>  mov DX, %1
    31 00000365 CD21                <1>  int 0x21
   527                                  	MACRO_PRINT_STRING str_press_any
    29 00000367 B409                <1>  mov AH, 0x9
    30 00000369 BA[6300]            <1>  mov DX, %1
    31 0000036C CD21                <1>  int 0x21
   528                                  	MACRO_INPUT_CHAR_NO_ECO
    15 0000036E B408                <1>  mov AH, 0x8
    16 00000370 CD21                <1>  int 0x21
   529                                  
   530 00000372 C3                      	ret
   531                                  
   532                                  
   533                                  
   534                                  
   535                                  
   536                                  
   537                                  DoubleFloatInMemoryToHexString:;Stack:FloatAddr(NOT VALUE). Buffer in SI
   538 00000373 678B7C2402              	mov DI, word [ESP+2]	;Address of number
   539 00000378 8B4506                  	mov AX, [DI+6]			;Most significant bits
   540 0000037B E82200                  	call DoubleFloatInMemoryToHexString_Aux
   541 0000037E C6042D                  	mov [SI], byte '-'		;Spacing
   542 00000381 46                      	inc SI
   543 00000382 8B4504                  	mov AX, [DI+4]			;Next pair
   544 00000385 E81800                  	call DoubleFloatInMemoryToHexString_Aux
   545 00000388 C6042D                  	mov [SI], byte '-'		;Spacing
   546 0000038B 46                      	inc SI
   547 0000038C 8B4502                  	mov AX, [DI+2]			;Next pair
   548 0000038F E80E00                  	call DoubleFloatInMemoryToHexString_Aux
   549 00000392 C6042D                  	mov [SI], byte '-'		;Spacing
   550 00000395 46                      	inc SI
   551 00000396 8B05                    	mov AX, [DI]			;Next pair
   552 00000398 E80500                  	call DoubleFloatInMemoryToHexString_Aux
   553                                  
   554 0000039B C60424                  	mov [SI], byte '$'				;$-Terminate for printing
   555 0000039E 46                      	inc SI
   556                                  
   557 0000039F C3                      	ret
   558                                  
   559                                  %include "code/hex2str.asm"
     1                              <1> DoubleFloatInMemoryToHexString_Aux:
     2                              <1> 	;###################################################################################################################
     3 000003A0 80FCF0              <1> 	cmp AH, 0xF0
     4 000003A3 7207                <1> 	jb DoubleFloatInMemoryToHexString_p1_1_E
     5 000003A5 C60446              <1> 	mov [SI], byte 70				;Add F to buffer
     6 000003A8 46                  <1> 	inc SI
     7 000003A9 E9A000              <1> 	jmp DoubleFloatInMemoryToHexString_p1_1_exit
     8                              <1> 
     9                              <1> 	DoubleFloatInMemoryToHexString_p1_1_E:
    10 000003AC 80FCE0              <1> 	cmp AH, 0xE0
    11 000003AF 7207                <1> 	jb DoubleFloatInMemoryToHexString_p1_1_D
    12 000003B1 C60445              <1> 	mov [SI], byte 69				;Add E to buffer
    13 000003B4 46                  <1> 	inc SI
    14 000003B5 E99400              <1> 	jmp DoubleFloatInMemoryToHexString_p1_1_exit
    15                              <1> 
    16                              <1> 	DoubleFloatInMemoryToHexString_p1_1_D:
    17 000003B8 80FCD0              <1> 	cmp AH, 0xD0
    18 000003BB 7207                <1> 	jb DoubleFloatInMemoryToHexString_p1_1_C
    19 000003BD C60444              <1> 	mov [SI], byte 68				;Add D to buffer
    20 000003C0 46                  <1> 	inc SI
    21 000003C1 E98800              <1> 	jmp DoubleFloatInMemoryToHexString_p1_1_exit
    22                              <1> 
    23                              <1> 	DoubleFloatInMemoryToHexString_p1_1_C:
    24 000003C4 80FCC0              <1> 	cmp AH, 0xC0
    25 000003C7 7206                <1> 	jb DoubleFloatInMemoryToHexString_p1_1_B
    26 000003C9 C60443              <1> 	mov [SI], byte 67				;Add C to buffer
    27 000003CC 46                  <1> 	inc SI
    28 000003CD EB7D                <1> 	jmp DoubleFloatInMemoryToHexString_p1_1_exit
    29                              <1> 
    30                              <1> 	DoubleFloatInMemoryToHexString_p1_1_B:
    31 000003CF 80FCB0              <1> 	cmp AH, 0xB0
    32 000003D2 7206                <1> 	jb DoubleFloatInMemoryToHexString_p1_1_A
    33 000003D4 C60442              <1> 	mov [SI], byte 66				;Add B to buffer
    34 000003D7 46                  <1> 	inc SI
    35 000003D8 EB72                <1> 	jmp DoubleFloatInMemoryToHexString_p1_1_exit
    36                              <1> 
    37                              <1> 	DoubleFloatInMemoryToHexString_p1_1_A:
    38 000003DA 80FCA0              <1> 	cmp AH, 0xA0
    39 000003DD 7206                <1> 	jb DoubleFloatInMemoryToHexString_p1_1_9
    40 000003DF C60441              <1> 	mov [SI], byte 65				;Add A to buffer
    41 000003E2 46                  <1> 	inc SI
    42 000003E3 EB67                <1> 	jmp DoubleFloatInMemoryToHexString_p1_1_exit
    43                              <1> 
    44                              <1> 	DoubleFloatInMemoryToHexString_p1_1_9:
    45 000003E5 80FC90              <1> 	cmp AH, 0x90
    46 000003E8 7206                <1> 	jb DoubleFloatInMemoryToHexString_p1_1_8
    47 000003EA C60439              <1> 	mov [SI], byte 57				;Add 9 to buffer
    48 000003ED 46                  <1> 	inc SI
    49 000003EE EB5C                <1> 	jmp DoubleFloatInMemoryToHexString_p1_1_exit
    50                              <1> 
    51                              <1> 	DoubleFloatInMemoryToHexString_p1_1_8:
    52 000003F0 80FC80              <1> 	cmp AH, 0x80
    53 000003F3 7206                <1> 	jb DoubleFloatInMemoryToHexString_p1_1_7
    54 000003F5 C60438              <1> 	mov [SI], byte 56				;Add 8 to buffer
    55 000003F8 46                  <1> 	inc SI
    56 000003F9 EB51                <1> 	jmp DoubleFloatInMemoryToHexString_p1_1_exit
    57                              <1> 
    58                              <1> 	DoubleFloatInMemoryToHexString_p1_1_7:
    59 000003FB 80FC70              <1> 	cmp AH, 0x70
    60 000003FE 7206                <1> 	jb DoubleFloatInMemoryToHexString_p1_1_6
    61 00000400 C60437              <1> 	mov [SI], byte 55				;Add 7 to buffer
    62 00000403 46                  <1> 	inc SI
    63 00000404 EB46                <1> 	jmp DoubleFloatInMemoryToHexString_p1_1_exit
    64                              <1> 
    65                              <1> 	DoubleFloatInMemoryToHexString_p1_1_6:
    66 00000406 80FC60              <1> 	cmp AH, 0x60
    67 00000409 7206                <1> 	jb DoubleFloatInMemoryToHexString_p1_1_5
    68 0000040B C60436              <1> 	mov [SI], byte 54				;Add 6 to buffer
    69 0000040E 46                  <1> 	inc SI
    70 0000040F EB3B                <1> 	jmp DoubleFloatInMemoryToHexString_p1_1_exit
    71                              <1> 
    72                              <1> 	DoubleFloatInMemoryToHexString_p1_1_5:
    73 00000411 80FC50              <1> 	cmp AH, 0x50
    74 00000414 7206                <1> 	jb DoubleFloatInMemoryToHexString_p1_1_4
    75 00000416 C60435              <1> 	mov [SI], byte 53				;Add 5 to buffer
    76 00000419 46                  <1> 	inc SI
    77 0000041A EB30                <1> 	jmp DoubleFloatInMemoryToHexString_p1_1_exit
    78                              <1> 
    79                              <1> 	DoubleFloatInMemoryToHexString_p1_1_4:
    80 0000041C 80FC40              <1> 	cmp AH, 0x40
    81 0000041F 7206                <1> 	jb DoubleFloatInMemoryToHexString_p1_1_3
    82 00000421 C60434              <1> 	mov [SI], byte 52				;Add 4 to buffer
    83 00000424 46                  <1> 	inc SI
    84 00000425 EB25                <1> 	jmp DoubleFloatInMemoryToHexString_p1_1_exit
    85                              <1> 
    86                              <1> 	DoubleFloatInMemoryToHexString_p1_1_3:
    87 00000427 80FC30              <1> 	cmp AH, 0x30
    88 0000042A 7206                <1> 	jb DoubleFloatInMemoryToHexString_p1_1_2
    89 0000042C C60433              <1> 	mov [SI], byte 51				;Add 3 to buffer
    90 0000042F 46                  <1> 	inc SI
    91 00000430 EB1A                <1> 	jmp DoubleFloatInMemoryToHexString_p1_1_exit
    92                              <1> 
    93                              <1> 	DoubleFloatInMemoryToHexString_p1_1_2:
    94 00000432 80FC20              <1> 	cmp AH, 0x20
    95 00000435 7206                <1> 	jb DoubleFloatInMemoryToHexString_p1_1_1
    96 00000437 C60432              <1> 	mov [SI], byte 50				;Add 3 to buffer
    97 0000043A 46                  <1> 	inc SI
    98 0000043B EB0F                <1> 	jmp DoubleFloatInMemoryToHexString_p1_1_exit
    99                              <1> 
   100                              <1> 	DoubleFloatInMemoryToHexString_p1_1_1:
   101 0000043D 80FC10              <1> 	cmp AH, 0x10
   102 00000440 7206                <1> 	jb DoubleFloatInMemoryToHexString_p1_1_0
   103 00000442 C60431              <1> 	mov [SI], byte 49				;Add 2 to buffer
   104 00000445 46                  <1> 	inc SI
   105 00000446 EB04                <1> 	jmp DoubleFloatInMemoryToHexString_p1_1_exit
   106                              <1> 
   107                              <1> 	DoubleFloatInMemoryToHexString_p1_1_0:
   108 00000448 C60430              <1> 	mov [SI], byte 48				;Add 0 to buffer
   109 0000044B 46                  <1> 	inc SI
   110                              <1> 	;###################################################################################################################
   111                              <1> 	DoubleFloatInMemoryToHexString_p1_1_exit:
   112 0000044C 80E40F              <1> 	and AH, 0x0F
   113                              <1> 
   114 0000044F 80FC0F              <1> 	cmp AH, 0xF
   115 00000452 7207                <1> 	jb DoubleFloatInMemoryToHexString_p1_2_E
   116 00000454 C60446              <1> 	mov [SI], byte 70				;Add F to buffer
   117 00000457 46                  <1> 	inc SI
   118 00000458 E9A000              <1> 	jmp DoubleFloatInMemoryToHexString_p1_2_exit
   119                              <1> 
   120                              <1> 	DoubleFloatInMemoryToHexString_p1_2_E:
   121 0000045B 80FC0E              <1> 	cmp AH, 0xE
   122 0000045E 7207                <1> 	jb DoubleFloatInMemoryToHexString_p1_2_D
   123 00000460 C60445              <1> 	mov [SI], byte 69				;Add E to buffer
   124 00000463 46                  <1> 	inc SI
   125 00000464 E99400              <1> 	jmp DoubleFloatInMemoryToHexString_p1_2_exit
   126                              <1> 
   127                              <1> 	DoubleFloatInMemoryToHexString_p1_2_D:
   128 00000467 80FC0D              <1> 	cmp AH, 0xD
   129 0000046A 7207                <1> 	jb DoubleFloatInMemoryToHexString_p1_2_C
   130 0000046C C60444              <1> 	mov [SI], byte 68				;Add D to buffer
   131 0000046F 46                  <1> 	inc SI
   132 00000470 E98800              <1> 	jmp DoubleFloatInMemoryToHexString_p1_2_exit
   133                              <1> 
   134                              <1> 	DoubleFloatInMemoryToHexString_p1_2_C:
   135 00000473 80FC0C              <1> 	cmp AH, 0xC
   136 00000476 7206                <1> 	jb DoubleFloatInMemoryToHexString_p1_2_B
   137 00000478 C60443              <1> 	mov [SI], byte 67				;Add C to buffer
   138 0000047B 46                  <1> 	inc SI
   139 0000047C EB7D                <1> 	jmp DoubleFloatInMemoryToHexString_p1_2_exit
   140                              <1> 
   141                              <1> 	DoubleFloatInMemoryToHexString_p1_2_B:
   142 0000047E 80FC0B              <1> 	cmp AH, 0xB
   143 00000481 7206                <1> 	jb DoubleFloatInMemoryToHexString_p1_2_A
   144 00000483 C60442              <1> 	mov [SI], byte 66				;Add B to buffer
   145 00000486 46                  <1> 	inc SI
   146 00000487 EB72                <1> 	jmp DoubleFloatInMemoryToHexString_p1_2_exit
   147                              <1> 
   148                              <1> 	DoubleFloatInMemoryToHexString_p1_2_A:
   149 00000489 80FC0A              <1> 	cmp AH, 0xA
   150 0000048C 7206                <1> 	jb DoubleFloatInMemoryToHexString_p1_2_9
   151 0000048E C60441              <1> 	mov [SI], byte 65				;Add A to buffer
   152 00000491 46                  <1> 	inc SI
   153 00000492 EB67                <1> 	jmp DoubleFloatInMemoryToHexString_p1_2_exit
   154                              <1> 
   155                              <1> 	DoubleFloatInMemoryToHexString_p1_2_9:
   156 00000494 80FC09              <1> 	cmp AH, 0x9
   157 00000497 7206                <1> 	jb DoubleFloatInMemoryToHexString_p1_2_8
   158 00000499 C60439              <1> 	mov [SI], byte 57				;Add 9 to buffer
   159 0000049C 46                  <1> 	inc SI
   160 0000049D EB5C                <1> 	jmp DoubleFloatInMemoryToHexString_p1_2_exit
   161                              <1> 
   162                              <1> 	DoubleFloatInMemoryToHexString_p1_2_8:
   163 0000049F 80FC08              <1> 	cmp AH, 0x8
   164 000004A2 7206                <1> 	jb DoubleFloatInMemoryToHexString_p1_2_7
   165 000004A4 C60438              <1> 	mov [SI], byte 56				;Add 8 to buffer
   166 000004A7 46                  <1> 	inc SI
   167 000004A8 EB51                <1> 	jmp DoubleFloatInMemoryToHexString_p1_2_exit
   168                              <1> 
   169                              <1> 	DoubleFloatInMemoryToHexString_p1_2_7:
   170 000004AA 80FC07              <1> 	cmp AH, 0x7
   171 000004AD 7206                <1> 	jb DoubleFloatInMemoryToHexString_p1_2_6
   172 000004AF C60437              <1> 	mov [SI], byte 55				;Add 7 to buffer
   173 000004B2 46                  <1> 	inc SI
   174 000004B3 EB46                <1> 	jmp DoubleFloatInMemoryToHexString_p1_2_exit
   175                              <1> 
   176                              <1> 	DoubleFloatInMemoryToHexString_p1_2_6:
   177 000004B5 80FC06              <1> 	cmp AH, 0x6
   178 000004B8 7206                <1> 	jb DoubleFloatInMemoryToHexString_p1_2_5
   179 000004BA C60436              <1> 	mov [SI], byte 54				;Add 6 to buffer
   180 000004BD 46                  <1> 	inc SI
   181 000004BE EB3B                <1> 	jmp DoubleFloatInMemoryToHexString_p1_2_exit
   182                              <1> 
   183                              <1> 	DoubleFloatInMemoryToHexString_p1_2_5:
   184 000004C0 80FC05              <1> 	cmp AH, 0x5
   185 000004C3 7206                <1> 	jb DoubleFloatInMemoryToHexString_p1_2_4
   186 000004C5 C60435              <1> 	mov [SI], byte 53				;Add 5 to buffer
   187 000004C8 46                  <1> 	inc SI
   188 000004C9 EB30                <1> 	jmp DoubleFloatInMemoryToHexString_p1_2_exit
   189                              <1> 
   190                              <1> 	DoubleFloatInMemoryToHexString_p1_2_4:
   191 000004CB 80FC04              <1> 	cmp AH, 0x4
   192 000004CE 7206                <1> 	jb DoubleFloatInMemoryToHexString_p1_2_3
   193 000004D0 C60434              <1> 	mov [SI], byte 52				;Add 4 to buffer
   194 000004D3 46                  <1> 	inc SI
   195 000004D4 EB25                <1> 	jmp DoubleFloatInMemoryToHexString_p1_2_exit
   196                              <1> 
   197                              <1> 	DoubleFloatInMemoryToHexString_p1_2_3:
   198 000004D6 80FC03              <1> 	cmp AH, 0x3
   199 000004D9 7206                <1> 	jb DoubleFloatInMemoryToHexString_p1_2_2
   200 000004DB C60433              <1> 	mov [SI], byte 51				;Add 3 to buffer
   201 000004DE 46                  <1> 	inc SI
   202 000004DF EB1A                <1> 	jmp DoubleFloatInMemoryToHexString_p1_2_exit
   203                              <1> 
   204                              <1> 	DoubleFloatInMemoryToHexString_p1_2_2:
   205 000004E1 80FC02              <1> 	cmp AH, 0x2
   206 000004E4 7206                <1> 	jb DoubleFloatInMemoryToHexString_p1_2_1
   207 000004E6 C60432              <1> 	mov [SI], byte 50				;Add 3 to buffer
   208 000004E9 46                  <1> 	inc SI
   209 000004EA EB0F                <1> 	jmp DoubleFloatInMemoryToHexString_p1_2_exit
   210                              <1> 
   211                              <1> 	DoubleFloatInMemoryToHexString_p1_2_1:
   212 000004EC 80FC01              <1> 	cmp AH, 0x1
   213 000004EF 7206                <1> 	jb DoubleFloatInMemoryToHexString_p1_2_0
   214 000004F1 C60431              <1> 	mov [SI], byte 49				;Add 2 to buffer
   215 000004F4 46                  <1> 	inc SI
   216 000004F5 EB04                <1> 	jmp DoubleFloatInMemoryToHexString_p1_2_exit
   217                              <1> 
   218                              <1> 	DoubleFloatInMemoryToHexString_p1_2_0:
   219 000004F7 C60430              <1> 	mov [SI], byte 48				;Add 0 to buffer
   220 000004FA 46                  <1> 	inc SI
   221                              <1> 	;###################################################################################################################
   222                              <1> 	DoubleFloatInMemoryToHexString_p1_2_exit:
   223                              <1> 
   224 000004FB 3CF0                <1> 	cmp AL, 0xF0
   225 000004FD 7207                <1> 	jb DoubleFloatInMemoryToHexString_p1_3_E
   226 000004FF C60446              <1> 	mov [SI], byte 70				;Add F to buffer
   227 00000502 46                  <1> 	inc SI
   228 00000503 E99100              <1> 	jmp DoubleFloatInMemoryToHexString_p1_3_exit
   229                              <1> 
   230                              <1> 	DoubleFloatInMemoryToHexString_p1_3_E:
   231 00000506 3CE0                <1> 	cmp AL, 0xE0
   232 00000508 7207                <1> 	jb DoubleFloatInMemoryToHexString_p1_3_D
   233 0000050A C60445              <1> 	mov [SI], byte 69				;Add E to buffer
   234 0000050D 46                  <1> 	inc SI
   235 0000050E E98600              <1> 	jmp DoubleFloatInMemoryToHexString_p1_3_exit
   236                              <1> 
   237                              <1> 	DoubleFloatInMemoryToHexString_p1_3_D:
   238 00000511 3CD0                <1> 	cmp AL, 0xD0
   239 00000513 7206                <1> 	jb DoubleFloatInMemoryToHexString_p1_3_C
   240 00000515 C60444              <1> 	mov [SI], byte 68				;Add D to buffer
   241 00000518 46                  <1> 	inc SI
   242 00000519 EB7C                <1> 	jmp DoubleFloatInMemoryToHexString_p1_3_exit
   243                              <1> 
   244                              <1> 	DoubleFloatInMemoryToHexString_p1_3_C:
   245 0000051B 3CC0                <1> 	cmp AL, 0xC0
   246 0000051D 7206                <1> 	jb DoubleFloatInMemoryToHexString_p1_3_B
   247 0000051F C60443              <1> 	mov [SI], byte 67				;Add C to buffer
   248 00000522 46                  <1> 	inc SI
   249 00000523 EB72                <1> 	jmp DoubleFloatInMemoryToHexString_p1_3_exit
   250                              <1> 
   251                              <1> 	DoubleFloatInMemoryToHexString_p1_3_B:
   252 00000525 3CB0                <1> 	cmp AL, 0xB0
   253 00000527 7206                <1> 	jb DoubleFloatInMemoryToHexString_p1_3_A
   254 00000529 C60442              <1> 	mov [SI], byte 66				;Add B to buffer
   255 0000052C 46                  <1> 	inc SI
   256 0000052D EB68                <1> 	jmp DoubleFloatInMemoryToHexString_p1_3_exit
   257                              <1> 
   258                              <1> 	DoubleFloatInMemoryToHexString_p1_3_A:
   259 0000052F 3CA0                <1> 	cmp AL, 0xA0
   260 00000531 7206                <1> 	jb DoubleFloatInMemoryToHexString_p1_3_9
   261 00000533 C60441              <1> 	mov [SI], byte 65				;Add A to buffer
   262 00000536 46                  <1> 	inc SI
   263 00000537 EB5E                <1> 	jmp DoubleFloatInMemoryToHexString_p1_3_exit
   264                              <1> 
   265                              <1> 	DoubleFloatInMemoryToHexString_p1_3_9:
   266 00000539 3C90                <1> 	cmp AL, 0x90
   267 0000053B 7206                <1> 	jb DoubleFloatInMemoryToHexString_p1_3_8
   268 0000053D C60439              <1> 	mov [SI], byte 57				;Add 9 to buffer
   269 00000540 46                  <1> 	inc SI
   270 00000541 EB54                <1> 	jmp DoubleFloatInMemoryToHexString_p1_3_exit
   271                              <1> 
   272                              <1> 	DoubleFloatInMemoryToHexString_p1_3_8:
   273 00000543 3C80                <1> 	cmp AL, 0x80
   274 00000545 7206                <1> 	jb DoubleFloatInMemoryToHexString_p1_3_7
   275 00000547 C60438              <1> 	mov [SI], byte 56				;Add 8 to buffer
   276 0000054A 46                  <1> 	inc SI
   277 0000054B EB4A                <1> 	jmp DoubleFloatInMemoryToHexString_p1_3_exit
   278                              <1> 
   279                              <1> 	DoubleFloatInMemoryToHexString_p1_3_7:
   280 0000054D 3C70                <1> 	cmp AL, 0x70
   281 0000054F 7206                <1> 	jb DoubleFloatInMemoryToHexString_p1_3_6
   282 00000551 C60437              <1> 	mov [SI], byte 55				;Add 7 to buffer
   283 00000554 46                  <1> 	inc SI
   284 00000555 EB40                <1> 	jmp DoubleFloatInMemoryToHexString_p1_3_exit
   285                              <1> 
   286                              <1> 	DoubleFloatInMemoryToHexString_p1_3_6:
   287 00000557 3C60                <1> 	cmp AL, 0x60
   288 00000559 7206                <1> 	jb DoubleFloatInMemoryToHexString_p1_3_5
   289 0000055B C60436              <1> 	mov [SI], byte 54				;Add 6 to buffer
   290 0000055E 46                  <1> 	inc SI
   291 0000055F EB36                <1> 	jmp DoubleFloatInMemoryToHexString_p1_3_exit
   292                              <1> 
   293                              <1> 	DoubleFloatInMemoryToHexString_p1_3_5:
   294 00000561 3C50                <1> 	cmp AL, 0x50
   295 00000563 7206                <1> 	jb DoubleFloatInMemoryToHexString_p1_3_4
   296 00000565 C60435              <1> 	mov [SI], byte 53				;Add 5 to buffer
   297 00000568 46                  <1> 	inc SI
   298 00000569 EB2C                <1> 	jmp DoubleFloatInMemoryToHexString_p1_3_exit
   299                              <1> 
   300                              <1> 	DoubleFloatInMemoryToHexString_p1_3_4:
   301 0000056B 3C40                <1> 	cmp AL, 0x40
   302 0000056D 7206                <1> 	jb DoubleFloatInMemoryToHexString_p1_3_3
   303 0000056F C60434              <1> 	mov [SI], byte 52				;Add 4 to buffer
   304 00000572 46                  <1> 	inc SI
   305 00000573 EB22                <1> 	jmp DoubleFloatInMemoryToHexString_p1_3_exit
   306                              <1> 
   307                              <1> 	DoubleFloatInMemoryToHexString_p1_3_3:
   308 00000575 3C30                <1> 	cmp AL, 0x30
   309 00000577 7206                <1> 	jb DoubleFloatInMemoryToHexString_p1_3_2
   310 00000579 C60433              <1> 	mov [SI], byte 51				;Add 3 to buffer
   311 0000057C 46                  <1> 	inc SI
   312 0000057D EB18                <1> 	jmp DoubleFloatInMemoryToHexString_p1_3_exit
   313                              <1> 
   314                              <1> 	DoubleFloatInMemoryToHexString_p1_3_2:
   315 0000057F 3C20                <1> 	cmp AL, 0x20
   316 00000581 7206                <1> 	jb DoubleFloatInMemoryToHexString_p1_3_1
   317 00000583 C60432              <1> 	mov [SI], byte 50				;Add 3 to buffer
   318 00000586 46                  <1> 	inc SI
   319 00000587 EB0E                <1> 	jmp DoubleFloatInMemoryToHexString_p1_3_exit
   320                              <1> 
   321                              <1> 	DoubleFloatInMemoryToHexString_p1_3_1:
   322 00000589 3C10                <1> 	cmp AL, 0x10
   323 0000058B 7206                <1> 	jb DoubleFloatInMemoryToHexString_p1_3_0
   324 0000058D C60431              <1> 	mov [SI], byte 49				;Add 2 to buffer
   325 00000590 46                  <1> 	inc SI
   326 00000591 EB04                <1> 	jmp DoubleFloatInMemoryToHexString_p1_3_exit
   327                              <1> 
   328                              <1> 	DoubleFloatInMemoryToHexString_p1_3_0:
   329 00000593 C60430              <1> 	mov [SI], byte 48				;Add 0 to buffer
   330 00000596 46                  <1> 	inc SI
   331                              <1> 	;###################################################################################################################
   332                              <1> 	DoubleFloatInMemoryToHexString_p1_3_exit:
   333 00000597 240F                <1> 	and AL, 0x0F
   334                              <1> 
   335 00000599 3C0F                <1> 	cmp AL, 0xF
   336 0000059B 7207                <1> 	jb DoubleFloatInMemoryToHexString_p1_4_E
   337 0000059D C60446              <1> 	mov [SI], byte 70				;Add F to buffer
   338 000005A0 46                  <1> 	inc SI
   339 000005A1 E99100              <1> 	jmp DoubleFloatInMemoryToHexString_p1_4_exit
   340                              <1> 
   341                              <1> 	DoubleFloatInMemoryToHexString_p1_4_E:
   342 000005A4 3C0E                <1> 	cmp AL, 0xE
   343 000005A6 7207                <1> 	jb DoubleFloatInMemoryToHexString_p1_4_D
   344 000005A8 C60445              <1> 	mov [SI], byte 69				;Add E to buffer
   345 000005AB 46                  <1> 	inc SI
   346 000005AC E98600              <1> 	jmp DoubleFloatInMemoryToHexString_p1_4_exit
   347                              <1> 
   348                              <1> 	DoubleFloatInMemoryToHexString_p1_4_D:
   349 000005AF 3C0D                <1> 	cmp AL, 0xD
   350 000005B1 7206                <1> 	jb DoubleFloatInMemoryToHexString_p1_4_C
   351 000005B3 C60444              <1> 	mov [SI], byte 68				;Add D to buffer
   352 000005B6 46                  <1> 	inc SI
   353 000005B7 EB7C                <1> 	jmp DoubleFloatInMemoryToHexString_p1_4_exit
   354                              <1> 
   355                              <1> 	DoubleFloatInMemoryToHexString_p1_4_C:
   356 000005B9 3C0C                <1> 	cmp AL, 0xC
   357 000005BB 7206                <1> 	jb DoubleFloatInMemoryToHexString_p1_4_B
   358 000005BD C60443              <1> 	mov [SI], byte 67				;Add C to buffer
   359 000005C0 46                  <1> 	inc SI
   360 000005C1 EB72                <1> 	jmp DoubleFloatInMemoryToHexString_p1_4_exit
   361                              <1> 
   362                              <1> 	DoubleFloatInMemoryToHexString_p1_4_B:
   363 000005C3 3C0B                <1> 	cmp AL, 0xB
   364 000005C5 7206                <1> 	jb DoubleFloatInMemoryToHexString_p1_4_A
   365 000005C7 C60442              <1> 	mov [SI], byte 66				;Add B to buffer
   366 000005CA 46                  <1> 	inc SI
   367 000005CB EB68                <1> 	jmp DoubleFloatInMemoryToHexString_p1_4_exit
   368                              <1> 
   369                              <1> 	DoubleFloatInMemoryToHexString_p1_4_A:
   370 000005CD 3C0A                <1> 	cmp AL, 0xA
   371 000005CF 7206                <1> 	jb DoubleFloatInMemoryToHexString_p1_4_9
   372 000005D1 C60441              <1> 	mov [SI], byte 65				;Add A to buffer
   373 000005D4 46                  <1> 	inc SI
   374 000005D5 EB5E                <1> 	jmp DoubleFloatInMemoryToHexString_p1_4_exit
   375                              <1> 
   376                              <1> 	DoubleFloatInMemoryToHexString_p1_4_9:
   377 000005D7 3C09                <1> 	cmp AL, 0x9
   378 000005D9 7206                <1> 	jb DoubleFloatInMemoryToHexString_p1_4_8
   379 000005DB C60439              <1> 	mov [SI], byte 57				;Add 9 to buffer
   380 000005DE 46                  <1> 	inc SI
   381 000005DF EB54                <1> 	jmp DoubleFloatInMemoryToHexString_p1_4_exit
   382                              <1> 
   383                              <1> 	DoubleFloatInMemoryToHexString_p1_4_8:
   384 000005E1 3C08                <1> 	cmp AL, 0x8
   385 000005E3 7206                <1> 	jb DoubleFloatInMemoryToHexString_p1_4_7
   386 000005E5 C60438              <1> 	mov [SI], byte 56				;Add 8 to buffer
   387 000005E8 46                  <1> 	inc SI
   388 000005E9 EB4A                <1> 	jmp DoubleFloatInMemoryToHexString_p1_4_exit
   389                              <1> 
   390                              <1> 	DoubleFloatInMemoryToHexString_p1_4_7:
   391 000005EB 3C07                <1> 	cmp AL, 0x7
   392 000005ED 7206                <1> 	jb DoubleFloatInMemoryToHexString_p1_4_6
   393 000005EF C60437              <1> 	mov [SI], byte 55				;Add 7 to buffer
   394 000005F2 46                  <1> 	inc SI
   395 000005F3 EB40                <1> 	jmp DoubleFloatInMemoryToHexString_p1_4_exit
   396                              <1> 
   397                              <1> 	DoubleFloatInMemoryToHexString_p1_4_6:
   398 000005F5 3C06                <1> 	cmp AL, 0x6
   399 000005F7 7206                <1> 	jb DoubleFloatInMemoryToHexString_p1_4_5
   400 000005F9 C60436              <1> 	mov [SI], byte 54				;Add 6 to buffer
   401 000005FC 46                  <1> 	inc SI
   402 000005FD EB36                <1> 	jmp DoubleFloatInMemoryToHexString_p1_4_exit
   403                              <1> 
   404                              <1> 	DoubleFloatInMemoryToHexString_p1_4_5:
   405 000005FF 3C05                <1> 	cmp AL, 0x5
   406 00000601 7206                <1> 	jb DoubleFloatInMemoryToHexString_p1_4_4
   407 00000603 C60435              <1> 	mov [SI], byte 53				;Add 5 to buffer
   408 00000606 46                  <1> 	inc SI
   409 00000607 EB2C                <1> 	jmp DoubleFloatInMemoryToHexString_p1_4_exit
   410                              <1> 
   411                              <1> 	DoubleFloatInMemoryToHexString_p1_4_4:
   412 00000609 3C04                <1> 	cmp AL, 0x4
   413 0000060B 7206                <1> 	jb DoubleFloatInMemoryToHexString_p1_4_3
   414 0000060D C60434              <1> 	mov [SI], byte 52				;Add 4 to buffer
   415 00000610 46                  <1> 	inc SI
   416 00000611 EB22                <1> 	jmp DoubleFloatInMemoryToHexString_p1_4_exit
   417                              <1> 
   418                              <1> 	DoubleFloatInMemoryToHexString_p1_4_3:
   419 00000613 3C03                <1> 	cmp AL, 0x3
   420 00000615 7206                <1> 	jb DoubleFloatInMemoryToHexString_p1_4_2
   421 00000617 C60433              <1> 	mov [SI], byte 51				;Add 3 to buffer
   422 0000061A 46                  <1> 	inc SI
   423 0000061B EB18                <1> 	jmp DoubleFloatInMemoryToHexString_p1_4_exit
   424                              <1> 
   425                              <1> 	DoubleFloatInMemoryToHexString_p1_4_2:
   426 0000061D 3C02                <1> 	cmp AL, 0x2
   427 0000061F 7206                <1> 	jb DoubleFloatInMemoryToHexString_p1_4_1
   428 00000621 C60432              <1> 	mov [SI], byte 50				;Add 3 to buffer
   429 00000624 46                  <1> 	inc SI
   430 00000625 EB0E                <1> 	jmp DoubleFloatInMemoryToHexString_p1_4_exit
   431                              <1> 
   432                              <1> 	DoubleFloatInMemoryToHexString_p1_4_1:
   433 00000627 3C01                <1> 	cmp AL, 0x1
   434 00000629 7206                <1> 	jb DoubleFloatInMemoryToHexString_p1_4_0
   435 0000062B C60431              <1> 	mov [SI], byte 49				;Add 2 to buffer
   436 0000062E 46                  <1> 	inc SI
   437 0000062F EB04                <1> 	jmp DoubleFloatInMemoryToHexString_p1_4_exit
   438                              <1> 
   439                              <1> 	DoubleFloatInMemoryToHexString_p1_4_0:
   440 00000631 C60430              <1> 	mov [SI], byte 48				;Add 0 to buffer
   441 00000634 46                  <1> 	inc SI
   442                              <1> 	;###################################################################################################################
   443                              <1> 	DoubleFloatInMemoryToHexString_p1_4_exit:
   444 00000635 C3                  <1> 	ret
   560                                  
   561                                  GraphFunction:
   562                                  	CLEARSCREEN
     2                              <1> 
     3 00000636 B400                <1>  mov AH, 0x0
     4 00000638 B012                <1>  mov AL, 0x12
     5 0000063A CD10                <1>  int 0x10
   563                                  	;Enter Xo
   564                                  	MACRO_ASK_X0
   273                              <1>  GraphFunction_enter_xo:
   274                              <1>  MACRO_PRINT_STRING str_enter_xo
    29 0000063C B409                <2>  mov AH, 0x9
    30 0000063E BA[B703]            <2>  mov DX, %1
    31 00000641 CD21                <2>  int 0x21
   275 00000643 E84A09              <1>  call ReadUntilLN
   276                              <1>  MACRO_PRINT_STRING text_ln_r
    29 00000646 B409                <2>  mov AH, 0x9
    30 00000648 BA[6C06]            <2>  mov DX, %1
    31 0000064B CD21                <2>  int 0x21
   277                              <1>  MACRO_PARSE_STRING_BUFFER inStrBuf
    36 0000064D BE[EF00]            <2>  mov SI, %1
    37 00000650 E8F608              <2>  call ParseString
   278                              <1> 
   279 00000653 83F901              <1>  cmp CX, word 0x1
   280 00000656 7509                <1>  jne GraphFunction_xo_correct
   281                              <1>  MACRO_PRINT_STRING input_error_2
    29 00000658 B409                <2>  mov AH, 0x9
    30 0000065A BA[F601]            <2>  mov DX, %1
    31 0000065D CD21                <2>  int 0x21
   282 0000065F EBDB                <1>  jmp GraphFunction_enter_xo
   283                              <1> 
   284                              <1>  GraphFunction_xo_correct:
   285 00000661 83FB00              <1>  cmp BX, word 0x0
   286 00000664 7402                <1>  je GraphFunction_xo_positive
   287 00000666 F7D8                <1>  neg AX
   288                              <1>  GraphFunction_xo_positive:
   289 00000668 A3[6900]            <1>  mov [graph_xo], AX
   290                              <1> 
   565                                  	;Enter Xf
   566                                  	MACRO_ASK_XF
   296                              <1>  GraphFunction_enter_xf:
   297                              <1>  MACRO_PRINT_STRING str_enter_xf
    29 0000066B B409                <2>  mov AH, 0x9
    30 0000066D BA[D403]            <2>  mov DX, %1
    31 00000670 CD21                <2>  int 0x21
   298 00000672 E81B09              <1>  call ReadUntilLN
   299                              <1>  MACRO_PRINT_STRING text_ln_r
    29 00000675 B409                <2>  mov AH, 0x9
    30 00000677 BA[6C06]            <2>  mov DX, %1
    31 0000067A CD21                <2>  int 0x21
   300                              <1>  MACRO_PARSE_STRING_BUFFER inStrBuf
    36 0000067C BE[EF00]            <2>  mov SI, %1
    37 0000067F E8C708              <2>  call ParseString
   301                              <1> 
   302 00000682 83F901              <1>  cmp CX, word 0x1
   303 00000685 7509                <1>  jne GraphFunction_xf_correct
   304                              <1>  MACRO_PRINT_STRING input_error_2
    29 00000687 B409                <2>  mov AH, 0x9
    30 00000689 BA[F601]            <2>  mov DX, %1
    31 0000068C CD21                <2>  int 0x21
   305 0000068E EBAC                <1>  jmp GraphFunction_enter_xo
   306                              <1> 
   307                              <1>  GraphFunction_xf_correct:
   308 00000690 83FB00              <1>  cmp BX, word 0x0
   309 00000693 7402                <1>  je GraphFunction_xf_positive
   310 00000695 F7D8                <1>  neg AX
   311                              <1>  GraphFunction_xf_positive:
   312 00000697 A3[6B00]            <1>  mov [graph_xf], AX
   313 0000069A 3B06[6900]          <1>  cmp AX, [graph_xo]
   314 0000069E 7F09                <1>  jg GraphFunction_interval_correct
   315                              <1>  MACRO_PRINT_STRING input_error_3
    29 000006A0 B409                <2>  mov AH, 0x9
    30 000006A2 BA[1802]            <2>  mov DX, %1
    31 000006A5 CD21                <2>  int 0x21
   316 000006A7 EB93                <1>  jmp GraphFunction_enter_xo
   317                              <1> 
   318                              <1>  GraphFunction_interval_correct:
   319                              <1> 
   567                                  	;Enter Y range
   568                                  	MACRO_ASK_Y_RANGE
   325                              <1>  GraphFunction_enter_y_range:
   326                              <1>  MACRO_PRINT_STRING str_enter_y_range
    29 000006A9 B409                <2>  mov AH, 0x9
    30 000006AB BA[F103]            <2>  mov DX, %1
    31 000006AE CD21                <2>  int 0x21
   327 000006B0 E8DD08              <1>  call ReadUntilLN
   328                              <1>  MACRO_PRINT_STRING text_ln_r
    29 000006B3 B409                <2>  mov AH, 0x9
    30 000006B5 BA[6C06]            <2>  mov DX, %1
    31 000006B8 CD21                <2>  int 0x21
   329                              <1>  MACRO_PARSE_STRING_BUFFER inStrBuf
    36 000006BA BE[EF00]            <2>  mov SI, %1
    37 000006BD E88908              <2>  call ParseString
   330                              <1> 
   331 000006C0 83F901              <1>  cmp CX, word 0x1
   332 000006C3 7509                <1>  jne GraphFunction_y_range_correct
   333                              <1>  MACRO_PRINT_STRING input_error_2
    29 000006C5 B409                <2>  mov AH, 0x9
    30 000006C7 BA[F601]            <2>  mov DX, %1
    31 000006CA CD21                <2>  int 0x21
   334 000006CC EBDB                <1>  jmp GraphFunction_enter_y_range
   335                              <1> 
   336                              <1>  GraphFunction_y_range_correct:
   337 000006CE 83FB00              <1>  cmp BX, word 0x0
   338 000006D1 7409                <1>  je GraphFunction_y_range_positive
   339                              <1>  MACRO_PRINT_STRING input_error_3
    29 000006D3 B409                <2>  mov AH, 0x9
    30 000006D5 BA[1802]            <2>  mov DX, %1
    31 000006D8 CD21                <2>  int 0x21
   340 000006DA EBCD                <1>  jmp GraphFunction_enter_y_range
   341                              <1> 
   342                              <1>  GraphFunction_y_range_positive:
   343 000006DC A3[7500]            <1>  mov [graph_y_size], AX
   569                                  
   570 000006DF C606[8300]01            	mov [graph_active_fun], byte 0x1		;Graph all of them until told otherwise
   571 000006E4 C606[8400]01            	mov [graph_active_der], byte 0x1
   572 000006E9 C606[8500]01            	mov [graph_active_int], byte 0x1
   573                                  
   574                                  	;Graph normal function?
   575                                  	MACRO_PRINT_STRING str_ask_graph_fun
    29 000006EE B409                <1>  mov AH, 0x9
    30 000006F0 BA[EC04]            <1>  mov DX, %1
    31 000006F3 CD21                <1>  int 0x21
   576 000006F5 B401                    	mov AH, 0x1								;Keyboard Input with Echo
   577 000006F7 CD21                    	int 0x21								;DOS Function Dispatcher
   578 000006F9 3C6E                    	cmp AL, 110								;user entered "n"?
   579 000006FB 7505                    	jne GraphFunction_normal_ok
   580 000006FD C606[8300]00            	mov [graph_active_fun], byte 0x0
   581                                  
   582                                  	GraphFunction_normal_ok:
   583                                  	MACRO_PRINT_STRING text_ln_r
    29 00000702 B409                <1>  mov AH, 0x9
    30 00000704 BA[6C06]            <1>  mov DX, %1
    31 00000707 CD21                <1>  int 0x21
   584                                  
   585                                  	;Graph derivative function?
   586                                  	MACRO_PRINT_STRING str_ask_graph_der
    29 00000709 B409                <1>  mov AH, 0x9
    30 0000070B BA[0D05]            <1>  mov DX, %1
    31 0000070E CD21                <1>  int 0x21
   587 00000710 B401                    	mov AH, 0x1								;Keyboard Input with Echo
   588 00000712 CD21                    	int 0x21								;DOS Function Dispatcher
   589 00000714 3C6E                    	cmp AL, 110								;user entered "n"?
   590 00000716 7505                    	jne GraphFunction_der_ok
   591 00000718 C606[8400]00            	mov [graph_active_der], byte 0x0
   592                                  
   593                                  	GraphFunction_der_ok:
   594                                  	MACRO_PRINT_STRING text_ln_r
    29 0000071D B409                <1>  mov AH, 0x9
    30 0000071F BA[6C06]            <1>  mov DX, %1
    31 00000722 CD21                <1>  int 0x21
   595                                  
   596                                  	;Graph integral function?
   597                                  	MACRO_PRINT_STRING str_ask_graph_int
    29 00000724 B409                <1>  mov AH, 0x9
    30 00000726 BA[2E05]            <1>  mov DX, %1
    31 00000729 CD21                <1>  int 0x21
   598 0000072B B401                    	mov AH, 0x1							;Keyboard Input with Echo
   599 0000072D CD21                    	int 0x21							;DOS Function Dispatcher
   600 0000072F 3C6E                    	cmp AL, 110							;user entered "n"?
   601 00000731 7505                    	jne GraphFunction_int_ok
   602 00000733 C606[8500]00            	mov [graph_active_int], byte 0x0
   603                                  
   604                                  	GraphFunction_int_ok:
   605                                  	CLEARSCREEN
     2                              <1> 
     3 00000738 B400                <1>  mov AH, 0x0
     4 0000073A B012                <1>  mov AL, 0x12
     5 0000073C CD10                <1>  int 0x10
   606 0000073E E80800                  	call GraphGuideLines
   607 00000741 E87000                  	call GraphNormalFunction
   608                                  	MACRO_INPUT_CHAR_NO_ECO
    15 00000744 B408                <1>  mov AH, 0x8
    16 00000746 CD21                <1>  int 0x21
   609 00000748 C3                      	ret
   610                                  
   611                                  
   612                                  
   613                                  GraphGuideLines:
   614                                  	;Horizontal one is easy
   615 00000749 C706[0A00]EF00          	mov [screenY], word 239				;Prepare line to center (a little off because of width)
   616 0000074F C706[0800]0000          	mov [screenX], word 0x0				;Set to origin
   617                                  
   618 00000755 C706[8600]8002          	mov word [draw_fill_rect_w], 640	;Screen width
   619 0000075B C706[8A00]0200          	mov word [draw_fill_rect_h], 2
   620 00000761 6A07                    	push 0x7							;Gray
   621 00000763 E88010                  	call DrawFilledRectangle
   622 00000766 6683C402                	add ESP, 2
   623                                  
   624                                  	;Vertical one is the real pain :(
   625                                  	;Is x=0 even on screen?
   626 0000076A D9EE                    	fldz							;										F-stack:1
   627 0000076C DF06[6900]              	fild word [graph_xo]			;										F-stack:2
   628 00000770 D8D9                    	fcomp							;cmp graph_xo, 0						F-stack:1
   629 00000772 DFE0                    	fnstsw ax						;flags to ax
   630 00000774 9E                      	sahf							;ax to cpu flags
   631 00000775 773C                    	ja GraphGuideLines_done
   632                                  
   633 00000777 DF06[6B00]              	fild word [graph_xf]			;										F-stack:2
   634 0000077B DED9                    	fcompp							;cmp graph_xf, 0						F-stack:0
   635 0000077D DFE0                    	fnstsw ax						;flags to ax
   636 0000077F 9E                      	sahf							;ax to cpu flags
   637 00000780 7231                    	jb GraphGuideLines_done
   638                                  
   639                                  	;x_pos = -Xo*screen_size_x/(Xf-Xo)
   640 00000782 DF06[6B00]              	fild word [graph_xf]			;Xf										F-Stack:1
   641 00000786 DE26[6900]              	fisub word [graph_xo]			;Xf-Xo
   642 0000078A DE3E[0200]              	fidivr word [screen_size_x]		;screen_size_x/(Xf-Xo)
   643 0000078E DE0E[6900]              	fimul word [graph_xo]			;Xo*screen_size_x/(Xf-Xo)
   644 00000792 D9E0                    	fchs							;-Xo*screen_size_x/(Xf-Xo)
   645                                  
   646 00000794 DF1E[0800]              	fistp word [screenX]			;Position of x=0						F-Stack:0
   647 00000798 C706[0A00]0000          	mov [screenY], word 0x0			;Set to origin
   648 0000079E C706[8600]0200          	mov word [draw_fill_rect_w], 2
   649 000007A4 C706[8A00]E001          	mov word [draw_fill_rect_h], 480;Screen height
   650 000007AA 6A07                    	push 0x7						;Gray
   651 000007AC E83710                  	call DrawFilledRectangle
   652 000007AF 6683C402                	add ESP, 2
   653                                  
   654                                  	GraphGuideLines_done:
   655 000007B3 C3                      	ret
   656                                  
   657                                  
   658                                  GraphNormalFunction:
   659 000007B4 DF06[6B00]              	fild word [graph_xf]			;x_step = (xf-xo)/horizontal_pixels		F-Stack:1
   660 000007B8 DE26[6900]              	fisub word [graph_xo]
   661 000007BC DE36[0200]              	fidiv word [screen_size_x]
   662 000007C0 DD1E[6D00]              	fstp qword [graph_x_step]		;F-Stack:0
   663                                  
   664 000007C4 DF06[6900]              	fild word [graph_xo]			;Grab xo and set is as current x		F-Stack:1
   665 000007C8 DD16[6100]              	fst qword [graph_current_x]		;Store but don't pop it, we will use it in main loop
   666 000007CC C706[0800]0000          	mov [screenX], word 0
   667                                  	;///////////////////////////////////////////////////////////////////////////////////////////////////////////////////
   668                                  
   669                                  	GraphNormalFunction_main_loop:
   670 000007D2 DE16[6B00]              		ficom word [graph_xf]			;cmp current_x, xf
   671 000007D6 DFE0                    		fnstsw ax						;flags to ax
   672 000007D8 9E                      		sahf							;ax to cpu flags
   673 000007D9 7736                    		ja GraphNormalFunction_main_loop_end
   674                                  
   675                                  ;		MACRO_PARSE_NUMBER_WITHOUT_SIGN_TO_STRING [screenX]
   676                                  ;		MACRO_PRINT_STRING gen_output_buff
   677                                  ;		MACRO_INPUT_CHAR_NO_ECO
   678                                  		;%%%%%%%%%%%%%%%%%%%%%%%%%%%%%%%%%%%%%%%%%%%%%%%%%%%%%%%%%%
   679 000007DB 803E[8300]00            		cmp [graph_active_fun], byte 0x0	;User wanted to graph original function?
   680 000007E0 7406                    		je GraphFunction_skip_normal
   681 000007E2 E8E800                  			call CalculateFunctionY
   682 000007E5 E8A800                  			call DrawFunctionPoint
   683                                  		GraphFunction_skip_normal:
   684 000007E8 803E[8400]00            		cmp [graph_active_der], byte 0x0	;User wanted to graph derivative function?
   685 000007ED 7406                    		je GraphFunction_skip_derivative
   686 000007EF E83602                  			call CalculateDerivativeY
   687 000007F2 E85E00                  			call DrawDerivativePoint
   688                                  		GraphFunction_skip_derivative:
   689 000007F5 803E[8500]00            		cmp [graph_active_int], byte 0x0	;User wanted to graph integral function?
   690 000007FA 7406                    		je GraphFunction_skip_integral
   691 000007FC E85303                  			call CalculateIntegralY
   692 000007FF E81400                  			call DrawIntegralPoint
   693                                  		GraphFunction_skip_integral:
   694                                  		;%%%%%%%%%%%%%%%%%%%%%%%%%%%%%%%%%%%%%%%%%%%%%%%%%%%%%%%%%%
   695                                  
   696 00000802 DC06[6D00]              		fadd qword [graph_x_step]		;add x_step to float stack
   697 00000806 DD16[6100]              		fst qword [graph_current_x]		;store float stack top to current_x
   698 0000080A 8306[0800]01            		add [screenX], word 1
   699                                  
   700                                  
   701 0000080F EBC1                    		jmp GraphNormalFunction_main_loop
   702                                  
   703                                  	;///////////////////////////////////////////////////////////////////////////////////////////////////////////////////
   704                                  	GraphNormalFunction_main_loop_end:
   705 00000811 DF3E[6100]              	fistp qword [graph_current_x]		;clean up. F-Stack:0
   706 00000815 C3                      	ret
   707                                  
   708                                  DrawIntegralPoint:			;Need already set: graph_result_y, screenX
   709 00000816 DD06[5900]              	fld qword [graph_result_y_i]		;									F-Stack:1
   710 0000081A D9E1                    	fabs								;For comparing range
   711 0000081C DE1E[7500]              	ficomp word [graph_y_size]			;cmp graph_result_y, graph_y_size	F-Stack:0
   712 00000820 DFE0                    	fnstsw ax							;flags to ax
   713 00000822 9E                      	sahf								;ax to cpu flags
   714 00000823 772D                    	ja DrawIntegralPoint_outside_range
   715                                  
   716 00000825 DF06[0400]              	fild word[screen_size_y]			;									F-Stack:1
   717 00000829 DE36[7500]              	fidiv word [graph_y_size]			;scale screen size
   718 0000082D DA36[7900]              	fidiv dword [graph_num_2]			;/2 since +- range
   719 00000831 DC0E[5900]              	fmul qword [graph_result_y_i]
   720                                  
   721                                  ;	;Calculate Y position in screen
   722                                  ;	;If point is positive, the value will be smaller (closer to top of screen)
   723                                  ;	;If point is negative, the value will be greater (closer to bottom of screen)
   724 00000835 DE2E[0600]              	fisubr word [screen_center_y]		; ST(0) = screen_center_y-ST(0)
   725                                  
   726 00000839 DF1E[0A00]              	fistp word [screenY]				;									F-Stack:0
   727                                  	;screenX already set by loop
   728 0000083D C706[8600]0100          	mov word [draw_fill_rect_w], 1
   729 00000843 C706[8A00]0700          	mov word [draw_fill_rect_h], 7
   730 00000849 6A01                    	push 0x1							;Red. (R0x4:Funct G0x2:Deriv B0x1:Integ)
   731 0000084B E8980F                  	call DrawFilledRectangle
   732 0000084E 6683C402                	add ESP, 2
   733                                  
   734                                  	DrawIntegralPoint_outside_range:
   735 00000852 C3                      	ret
   736                                  
   737                                  
   738                                  DrawDerivativePoint:			;Need already set: graph_result_y, screenX
   739 00000853 DD06[5100]              	fld qword [graph_result_y_d]		;									F-Stack:1
   740 00000857 D9E1                    	fabs								;For comparing range
   741 00000859 DE1E[7500]              	ficomp word [graph_y_size]			;cmp graph_result_y, graph_y_size	F-Stack:0
   742 0000085D DFE0                    	fnstsw ax							;flags to ax
   743 0000085F 9E                      	sahf								;ax to cpu flags
   744 00000860 772D                    	ja DrawDerivativePoint_outside_range
   745                                  
   746 00000862 DF06[0400]              	fild word[screen_size_y]			;									F-Stack:1
   747 00000866 DE36[7500]              	fidiv word [graph_y_size]			;scale screen size
   748 0000086A DA36[7900]              	fidiv dword [graph_num_2]			;/2 since +- range
   749 0000086E DC0E[5100]              	fmul qword [graph_result_y_d]
   750                                  
   751                                  ;	;Calculate Y position in screen
   752                                  ;	;If point is positive, the value will be smaller (closer to top of screen)
   753                                  ;	;If point is negative, the value will be greater (closer to bottom of screen)
   754 00000872 DE2E[0600]              	fisubr word [screen_center_y]		; ST(0) = screen_center_y-ST(0)
   755                                  
   756 00000876 DF1E[0A00]              	fistp word [screenY]				;									F-Stack:0
   757                                  	;screenX already set by loop
   758 0000087A C706[8600]0100          	mov word [draw_fill_rect_w], 1
   759 00000880 C706[8A00]0700          	mov word [draw_fill_rect_h], 7
   760 00000886 6A02                    	push 0x2							;Red. (R0x4:Funct G0x2:Deriv B0x1:Integ)
   761 00000888 E85B0F                  	call DrawFilledRectangle
   762 0000088B 6683C402                	add ESP, 2
   763                                  
   764                                  	DrawDerivativePoint_outside_range:
   765 0000088F C3                      	ret
   766                                  
   767                                  
   768                                  DrawFunctionPoint:			;Need already set: graph_result_y, screenX
   769 00000890 DD06[4900]              	fld qword [graph_result_y]			;									F-Stack:1
   770 00000894 D9E1                    	fabs								;For comparing range
   771 00000896 DE1E[7500]              	ficomp word [graph_y_size]			;cmp graph_result_y, graph_y_size	F-Stack:0
   772 0000089A DFE0                    	fnstsw ax							;flags to ax
   773 0000089C 9E                      	sahf								;ax to cpu flags
   774 0000089D 772D                    	ja DrawFunctionPoint_outside_range
   775                                  
   776 0000089F DF06[0400]              	fild word[screen_size_y]			;									F-Stack:1
   777 000008A3 DE36[7500]              	fidiv word [graph_y_size]			;scale screen size
   778 000008A7 DA36[7900]              	fidiv dword [graph_num_2]			;/2 since +- range
   779 000008AB DC0E[4900]              	fmul qword [graph_result_y]
   780                                  
   781                                  ;	;Calculate Y position in screen
   782                                  ;	;If point is positive, the value will be smaller (closer to top of screen)
   783                                  ;	;If point is negative, the value will be greater (closer to bottom of screen)
   784 000008AF DE2E[0600]              	fisubr word [screen_center_y]		; ST(0) = screen_center_y-ST(0)
   785                                  
   786 000008B3 DF1E[0A00]              	fistp word [screenY]					;									F-Stack:0
   787                                  	;screenX already set by loop
   788 000008B7 C706[8600]0100          	mov word [draw_fill_rect_w], 1
   789 000008BD C706[8A00]0700          	mov word [draw_fill_rect_h], 7
   790 000008C3 6A04                    	push 0x4							;Red. (R0x4:Funct G0x2:Deriv B0x1:Integ)
   791 000008C5 E81E0F                  	call DrawFilledRectangle
   792 000008C8 6683C402                	add ESP, 2
   793                                  
   794                                  	DrawFunctionPoint_outside_range:
   795 000008CC C3                      	ret
   796                                  
   797                                  CalculateFunctionY: ; graph_current_x needs to be set before this call
   798                                  	;Clean result to 0
   799 000008CD 6631C0                      xor eax, eax
   800 000008D0 66A3[4900]              	mov [graph_result_y], eax
   801 000008D4 66A3[4D00]              	mov [graph_result_y+4], eax
   802                                  
   803                                  	MACRO_FIND_FUNC_X_VALUE_OF_COEF 5
   160                              <1> 
   161 000008D8 833E[1100]00        <1>  cmp [coef_%1], word 0
   162 000008DD 7436                <1>  je CalculateFunctionY_skip_%1
   163                              <1> 
   164 000008DF 31C9                <1>  xor CX,CX
   165 000008E1 B90500              <1>  mov CX, %1
   166                              <1> 
   167 000008E4 83F900              <1>  cmp CX, 0
   168 000008E7 7415                <1>  je CalculateFunctionY_%1_coef_mult
   169 000008E9 DD06[6100]          <1>  fld qword [graph_current_x]
   170 000008ED 83E901              <1>  sub CX, 1
   171                              <1> 
   172                              <1>  CalculateFunctionY_%1_loop:
   173 000008F0 83F900              <1>  cmp CX, 0
   174 000008F3 7409                <1>  je CalculateFunctionY_%1_coef_mult
   175 000008F5 DC0E[6100]          <1>  fmul qword [graph_current_x]
   176 000008F9 83E901              <1>  sub CX, 1
   177 000008FC EBF2                <1>  jmp CalculateFunctionY_%1_loop
   178                              <1> 
   179                              <1>  CalculateFunctionY_%1_coef_mult:
   180 000008FE DE0E[1100]          <1>  fimul word [coef_%1]
   181                              <1> 
   182 00000902 803E[1300]00        <1>  cmp [coef_%1_sign], byte 0x0
   183 00000907 7402                <1>  je CalculateFunctionY_x_%1_positive
   184 00000909 D9E0                <1>  fchs
   185                              <1> 
   186                              <1>  CalculateFunctionY_x_%1_positive:
   187                              <1> 
   188 0000090B DD06[4900]          <1>  fld qword [graph_result_y]
   189 0000090F DEC1                <1>  faddp
   190 00000911 DD1E[4900]          <1>  fstp qword [graph_result_y]
   191                              <1>  CalculateFunctionY_skip_%1:
   804                                  	MACRO_FIND_FUNC_X_VALUE_OF_COEF 4
   160                              <1> 
   161 00000915 833E[1400]00        <1>  cmp [coef_%1], word 0
   162 0000091A 7436                <1>  je CalculateFunctionY_skip_%1
   163                              <1> 
   164 0000091C 31C9                <1>  xor CX,CX
   165 0000091E B90400              <1>  mov CX, %1
   166                              <1> 
   167 00000921 83F900              <1>  cmp CX, 0
   168 00000924 7415                <1>  je CalculateFunctionY_%1_coef_mult
   169 00000926 DD06[6100]          <1>  fld qword [graph_current_x]
   170 0000092A 83E901              <1>  sub CX, 1
   171                              <1> 
   172                              <1>  CalculateFunctionY_%1_loop:
   173 0000092D 83F900              <1>  cmp CX, 0
   174 00000930 7409                <1>  je CalculateFunctionY_%1_coef_mult
   175 00000932 DC0E[6100]          <1>  fmul qword [graph_current_x]
   176 00000936 83E901              <1>  sub CX, 1
   177 00000939 EBF2                <1>  jmp CalculateFunctionY_%1_loop
   178                              <1> 
   179                              <1>  CalculateFunctionY_%1_coef_mult:
   180 0000093B DE0E[1400]          <1>  fimul word [coef_%1]
   181                              <1> 
   182 0000093F 803E[1600]00        <1>  cmp [coef_%1_sign], byte 0x0
   183 00000944 7402                <1>  je CalculateFunctionY_x_%1_positive
   184 00000946 D9E0                <1>  fchs
   185                              <1> 
   186                              <1>  CalculateFunctionY_x_%1_positive:
   187                              <1> 
   188 00000948 DD06[4900]          <1>  fld qword [graph_result_y]
   189 0000094C DEC1                <1>  faddp
   190 0000094E DD1E[4900]          <1>  fstp qword [graph_result_y]
   191                              <1>  CalculateFunctionY_skip_%1:
   805                                  	MACRO_FIND_FUNC_X_VALUE_OF_COEF 3
   160                              <1> 
   161 00000952 833E[1700]00        <1>  cmp [coef_%1], word 0
   162 00000957 7436                <1>  je CalculateFunctionY_skip_%1
   163                              <1> 
   164 00000959 31C9                <1>  xor CX,CX
   165 0000095B B90300              <1>  mov CX, %1
   166                              <1> 
   167 0000095E 83F900              <1>  cmp CX, 0
   168 00000961 7415                <1>  je CalculateFunctionY_%1_coef_mult
   169 00000963 DD06[6100]          <1>  fld qword [graph_current_x]
   170 00000967 83E901              <1>  sub CX, 1
   171                              <1> 
   172                              <1>  CalculateFunctionY_%1_loop:
   173 0000096A 83F900              <1>  cmp CX, 0
   174 0000096D 7409                <1>  je CalculateFunctionY_%1_coef_mult
   175 0000096F DC0E[6100]          <1>  fmul qword [graph_current_x]
   176 00000973 83E901              <1>  sub CX, 1
   177 00000976 EBF2                <1>  jmp CalculateFunctionY_%1_loop
   178                              <1> 
   179                              <1>  CalculateFunctionY_%1_coef_mult:
   180 00000978 DE0E[1700]          <1>  fimul word [coef_%1]
   181                              <1> 
   182 0000097C 803E[1900]00        <1>  cmp [coef_%1_sign], byte 0x0
   183 00000981 7402                <1>  je CalculateFunctionY_x_%1_positive
   184 00000983 D9E0                <1>  fchs
   185                              <1> 
   186                              <1>  CalculateFunctionY_x_%1_positive:
   187                              <1> 
   188 00000985 DD06[4900]          <1>  fld qword [graph_result_y]
   189 00000989 DEC1                <1>  faddp
   190 0000098B DD1E[4900]          <1>  fstp qword [graph_result_y]
   191                              <1>  CalculateFunctionY_skip_%1:
   806                                  	MACRO_FIND_FUNC_X_VALUE_OF_COEF 2
   160                              <1> 
   161 0000098F 833E[1A00]00        <1>  cmp [coef_%1], word 0
   162 00000994 7436                <1>  je CalculateFunctionY_skip_%1
   163                              <1> 
   164 00000996 31C9                <1>  xor CX,CX
   165 00000998 B90200              <1>  mov CX, %1
   166                              <1> 
   167 0000099B 83F900              <1>  cmp CX, 0
   168 0000099E 7415                <1>  je CalculateFunctionY_%1_coef_mult
   169 000009A0 DD06[6100]          <1>  fld qword [graph_current_x]
   170 000009A4 83E901              <1>  sub CX, 1
   171                              <1> 
   172                              <1>  CalculateFunctionY_%1_loop:
   173 000009A7 83F900              <1>  cmp CX, 0
   174 000009AA 7409                <1>  je CalculateFunctionY_%1_coef_mult
   175 000009AC DC0E[6100]          <1>  fmul qword [graph_current_x]
   176 000009B0 83E901              <1>  sub CX, 1
   177 000009B3 EBF2                <1>  jmp CalculateFunctionY_%1_loop
   178                              <1> 
   179                              <1>  CalculateFunctionY_%1_coef_mult:
   180 000009B5 DE0E[1A00]          <1>  fimul word [coef_%1]
   181                              <1> 
   182 000009B9 803E[1C00]00        <1>  cmp [coef_%1_sign], byte 0x0
   183 000009BE 7402                <1>  je CalculateFunctionY_x_%1_positive
   184 000009C0 D9E0                <1>  fchs
   185                              <1> 
   186                              <1>  CalculateFunctionY_x_%1_positive:
   187                              <1> 
   188 000009C2 DD06[4900]          <1>  fld qword [graph_result_y]
   189 000009C6 DEC1                <1>  faddp
   190 000009C8 DD1E[4900]          <1>  fstp qword [graph_result_y]
   191                              <1>  CalculateFunctionY_skip_%1:
   807                                  	MACRO_FIND_FUNC_X_VALUE_OF_COEF 1
   160                              <1> 
   161 000009CC 833E[1D00]00        <1>  cmp [coef_%1], word 0
   162 000009D1 7436                <1>  je CalculateFunctionY_skip_%1
   163                              <1> 
   164 000009D3 31C9                <1>  xor CX,CX
   165 000009D5 B90100              <1>  mov CX, %1
   166                              <1> 
   167 000009D8 83F900              <1>  cmp CX, 0
   168 000009DB 7415                <1>  je CalculateFunctionY_%1_coef_mult
   169 000009DD DD06[6100]          <1>  fld qword [graph_current_x]
   170 000009E1 83E901              <1>  sub CX, 1
   171                              <1> 
   172                              <1>  CalculateFunctionY_%1_loop:
   173 000009E4 83F900              <1>  cmp CX, 0
   174 000009E7 7409                <1>  je CalculateFunctionY_%1_coef_mult
   175 000009E9 DC0E[6100]          <1>  fmul qword [graph_current_x]
   176 000009ED 83E901              <1>  sub CX, 1
   177 000009F0 EBF2                <1>  jmp CalculateFunctionY_%1_loop
   178                              <1> 
   179                              <1>  CalculateFunctionY_%1_coef_mult:
   180 000009F2 DE0E[1D00]          <1>  fimul word [coef_%1]
   181                              <1> 
   182 000009F6 803E[1F00]00        <1>  cmp [coef_%1_sign], byte 0x0
   183 000009FB 7402                <1>  je CalculateFunctionY_x_%1_positive
   184 000009FD D9E0                <1>  fchs
   185                              <1> 
   186                              <1>  CalculateFunctionY_x_%1_positive:
   187                              <1> 
   188 000009FF DD06[4900]          <1>  fld qword [graph_result_y]
   189 00000A03 DEC1                <1>  faddp
   190 00000A05 DD1E[4900]          <1>  fstp qword [graph_result_y]
   191                              <1>  CalculateFunctionY_skip_%1:
   808                                  
   809                                  	;Special case of constant coefficient
   810 00000A09 833E[2000]00            	cmp [coef_0], word 0				;if coefficient is 0, skip
   811 00000A0E 7417                    	je CalculateFunctionY_skip_0
   812                                  
   813 00000A10 DF06[2000]              	fild word [coef_0]					;Convert coef to float				F-Stack:1
   814                                  
   815 00000A14 803E[2200]00            	cmp [coef_0_sign], byte 0x0			;Its positive?
   816 00000A19 7402                    	je CalculateFunctionY_x_0_positive
   817 00000A1B D9E0                    	fchs								;(Change ST(0) sign)
   818                                  	CalculateFunctionY_x_0_positive:
   819                                  
   820 00000A1D DD06[4900]              	fld qword [graph_result_y]			;Load previous stored result		F-Stack:2
   821 00000A21 DEC1                    	faddp								;Add last coef to result			F-Stack:1
   822 00000A23 DD1E[4900]              	fstp qword [graph_result_y]			;Store it as float					F-Stack:0
   823                                  	CalculateFunctionY_skip_0:
   824                                  
   825 00000A27 C3                      	ret
   826                                  
   827                                  CalculateDerivativeY: ; graph_current_x needs to be set before this call
   828                                  	;Clean result to 0
   829 00000A28 6631C0                      xor eax, eax
   830 00000A2B 66A3[5100]              	mov [graph_result_y_d], eax
   831 00000A2F 66A3[5500]              	mov [graph_result_y_d+4], eax
   832                                  
   833                                  	MACRO_FIND_DERIV_X_VALUE_OF_COEF 5
   196                              <1> 
   197 00000A33 833E[2300]00        <1>  cmp [coef_%1_d], word 0
   198 00000A38 7439                <1>  je CalculateDerivativeY_skip_%1
   199                              <1> 
   200 00000A3A 31C9                <1>  xor CX,CX
   201 00000A3C B90500              <1>  mov CX, %1
   202 00000A3F 83E901              <1>  sub CX, 1
   203                              <1> 
   204 00000A42 83F900              <1>  cmp CX, 0
   205 00000A45 7415                <1>  je CalculateDerivativeY_%1_coef_mult
   206 00000A47 DD06[6100]          <1>  fld qword [graph_current_x]
   207 00000A4B 83E901              <1>  sub CX, 1
   208                              <1> 
   209                              <1>  CalculateDerivativeY_%1_loop:
   210 00000A4E 83F900              <1>  cmp CX, 0
   211 00000A51 7409                <1>  je CalculateDerivativeY_%1_coef_mult
   212 00000A53 DC0E[6100]          <1>  fmul qword [graph_current_x]
   213 00000A57 83E901              <1>  sub CX, 1
   214 00000A5A EBF2                <1>  jmp CalculateDerivativeY_%1_loop
   215                              <1> 
   216                              <1>  CalculateDerivativeY_%1_coef_mult:
   217 00000A5C DE0E[2300]          <1>  fimul word [coef_%1_d]
   218                              <1> 
   219 00000A60 803E[1300]00        <1>  cmp [coef_%1_sign], byte 0x0
   220 00000A65 7402                <1>  je CalculateDerivativeY_x_%1_positive
   221 00000A67 D9E0                <1>  fchs
   222                              <1> 
   223                              <1>  CalculateDerivativeY_x_%1_positive:
   224                              <1> 
   225 00000A69 DD06[5100]          <1>  fld qword [graph_result_y_d]
   226 00000A6D DEC1                <1>  faddp
   227 00000A6F DD1E[5100]          <1>  fstp qword [graph_result_y_d]
   228                              <1>  CalculateDerivativeY_skip_%1:
   834                                  	MACRO_FIND_DERIV_X_VALUE_OF_COEF 4
   196                              <1> 
   197 00000A73 833E[2500]00        <1>  cmp [coef_%1_d], word 0
   198 00000A78 7439                <1>  je CalculateDerivativeY_skip_%1
   199                              <1> 
   200 00000A7A 31C9                <1>  xor CX,CX
   201 00000A7C B90400              <1>  mov CX, %1
   202 00000A7F 83E901              <1>  sub CX, 1
   203                              <1> 
   204 00000A82 83F900              <1>  cmp CX, 0
   205 00000A85 7415                <1>  je CalculateDerivativeY_%1_coef_mult
   206 00000A87 DD06[6100]          <1>  fld qword [graph_current_x]
   207 00000A8B 83E901              <1>  sub CX, 1
   208                              <1> 
   209                              <1>  CalculateDerivativeY_%1_loop:
   210 00000A8E 83F900              <1>  cmp CX, 0
   211 00000A91 7409                <1>  je CalculateDerivativeY_%1_coef_mult
   212 00000A93 DC0E[6100]          <1>  fmul qword [graph_current_x]
   213 00000A97 83E901              <1>  sub CX, 1
   214 00000A9A EBF2                <1>  jmp CalculateDerivativeY_%1_loop
   215                              <1> 
   216                              <1>  CalculateDerivativeY_%1_coef_mult:
   217 00000A9C DE0E[2500]          <1>  fimul word [coef_%1_d]
   218                              <1> 
   219 00000AA0 803E[1600]00        <1>  cmp [coef_%1_sign], byte 0x0
   220 00000AA5 7402                <1>  je CalculateDerivativeY_x_%1_positive
   221 00000AA7 D9E0                <1>  fchs
   222                              <1> 
   223                              <1>  CalculateDerivativeY_x_%1_positive:
   224                              <1> 
   225 00000AA9 DD06[5100]          <1>  fld qword [graph_result_y_d]
   226 00000AAD DEC1                <1>  faddp
   227 00000AAF DD1E[5100]          <1>  fstp qword [graph_result_y_d]
   228                              <1>  CalculateDerivativeY_skip_%1:
   835                                  	MACRO_FIND_DERIV_X_VALUE_OF_COEF 3
   196                              <1> 
   197 00000AB3 833E[2700]00        <1>  cmp [coef_%1_d], word 0
   198 00000AB8 7439                <1>  je CalculateDerivativeY_skip_%1
   199                              <1> 
   200 00000ABA 31C9                <1>  xor CX,CX
   201 00000ABC B90300              <1>  mov CX, %1
   202 00000ABF 83E901              <1>  sub CX, 1
   203                              <1> 
   204 00000AC2 83F900              <1>  cmp CX, 0
   205 00000AC5 7415                <1>  je CalculateDerivativeY_%1_coef_mult
   206 00000AC7 DD06[6100]          <1>  fld qword [graph_current_x]
   207 00000ACB 83E901              <1>  sub CX, 1
   208                              <1> 
   209                              <1>  CalculateDerivativeY_%1_loop:
   210 00000ACE 83F900              <1>  cmp CX, 0
   211 00000AD1 7409                <1>  je CalculateDerivativeY_%1_coef_mult
   212 00000AD3 DC0E[6100]          <1>  fmul qword [graph_current_x]
   213 00000AD7 83E901              <1>  sub CX, 1
   214 00000ADA EBF2                <1>  jmp CalculateDerivativeY_%1_loop
   215                              <1> 
   216                              <1>  CalculateDerivativeY_%1_coef_mult:
   217 00000ADC DE0E[2700]          <1>  fimul word [coef_%1_d]
   218                              <1> 
   219 00000AE0 803E[1900]00        <1>  cmp [coef_%1_sign], byte 0x0
   220 00000AE5 7402                <1>  je CalculateDerivativeY_x_%1_positive
   221 00000AE7 D9E0                <1>  fchs
   222                              <1> 
   223                              <1>  CalculateDerivativeY_x_%1_positive:
   224                              <1> 
   225 00000AE9 DD06[5100]          <1>  fld qword [graph_result_y_d]
   226 00000AED DEC1                <1>  faddp
   227 00000AEF DD1E[5100]          <1>  fstp qword [graph_result_y_d]
   228                              <1>  CalculateDerivativeY_skip_%1:
   836                                  	MACRO_FIND_DERIV_X_VALUE_OF_COEF 2
   196                              <1> 
   197 00000AF3 833E[2900]00        <1>  cmp [coef_%1_d], word 0
   198 00000AF8 7439                <1>  je CalculateDerivativeY_skip_%1
   199                              <1> 
   200 00000AFA 31C9                <1>  xor CX,CX
   201 00000AFC B90200              <1>  mov CX, %1
   202 00000AFF 83E901              <1>  sub CX, 1
   203                              <1> 
   204 00000B02 83F900              <1>  cmp CX, 0
   205 00000B05 7415                <1>  je CalculateDerivativeY_%1_coef_mult
   206 00000B07 DD06[6100]          <1>  fld qword [graph_current_x]
   207 00000B0B 83E901              <1>  sub CX, 1
   208                              <1> 
   209                              <1>  CalculateDerivativeY_%1_loop:
   210 00000B0E 83F900              <1>  cmp CX, 0
   211 00000B11 7409                <1>  je CalculateDerivativeY_%1_coef_mult
   212 00000B13 DC0E[6100]          <1>  fmul qword [graph_current_x]
   213 00000B17 83E901              <1>  sub CX, 1
   214 00000B1A EBF2                <1>  jmp CalculateDerivativeY_%1_loop
   215                              <1> 
   216                              <1>  CalculateDerivativeY_%1_coef_mult:
   217 00000B1C DE0E[2900]          <1>  fimul word [coef_%1_d]
   218                              <1> 
   219 00000B20 803E[1C00]00        <1>  cmp [coef_%1_sign], byte 0x0
   220 00000B25 7402                <1>  je CalculateDerivativeY_x_%1_positive
   221 00000B27 D9E0                <1>  fchs
   222                              <1> 
   223                              <1>  CalculateDerivativeY_x_%1_positive:
   224                              <1> 
   225 00000B29 DD06[5100]          <1>  fld qword [graph_result_y_d]
   226 00000B2D DEC1                <1>  faddp
   227 00000B2F DD1E[5100]          <1>  fstp qword [graph_result_y_d]
   228                              <1>  CalculateDerivativeY_skip_%1:
   837                                  
   838                                  	;Special case of x^1 coefficient
   839 00000B33 833E[1D00]00            	cmp [coef_1], word 0					;if coefficient is 0, skip
   840 00000B38 7417                    	je CalculateDerivativeY_skip_1
   841                                  
   842 00000B3A DF06[1D00]              	fild word [coef_1]						;Convert coef to float				F-Stack:1
   843                                  
   844 00000B3E 803E[1F00]00            	cmp [coef_1_sign], byte 0x0				;Its positive?
   845 00000B43 7402                    	je CalculateDerivativeY_x_1_positive
   846 00000B45 D9E0                    	fchs									;(Change ST(0) sign)
   847                                  	CalculateDerivativeY_x_1_positive:
   848                                  
   849 00000B47 DD06[5100]              	fld qword [graph_result_y_d]			;Load previous stored result		F-Stack:2
   850 00000B4B DEC1                    	faddp									;Add last coef to result			F-Stack:1
   851 00000B4D DD1E[5100]              	fstp qword [graph_result_y_d]			;Store it as float					F-Stack:0
   852                                  	CalculateDerivativeY_skip_1:
   853                                  
   854 00000B51 C3                      	ret
   855                                  
   856                                  CalculateIntegralY: ; graph_current_x needs to be set before this call
   857                                  	;Clean result to 0
   858 00000B52 6631C0                      xor eax, eax
   859 00000B55 66A3[5900]              	mov [graph_result_y_i], eax
   860 00000B59 66A3[5D00]              	mov [graph_result_y_i+4], eax
   861                                  
   862                                  	MACRO_FIND_INTEG_X_VALUE_OF_COEF 5
   234                              <1> 
   235 00000B5D 833E[2D00]00        <1>  cmp [coef_%1_i_num], word 0
   236 00000B62 743D                <1>  je CalculateIntegralY_skip_%1
   237                              <1> 
   238 00000B64 31C9                <1>  xor CX,CX
   239 00000B66 B90500              <1>  mov CX, %1
   240 00000B69 83C101              <1>  add CX, 1
   241                              <1> 
   242 00000B6C 83F900              <1>  cmp CX, 0
   243 00000B6F 7415                <1>  je CalculateIntegralY_%1_coef_mult
   244 00000B71 DD06[6100]          <1>  fld qword [graph_current_x]
   245 00000B75 83E901              <1>  sub CX, 1
   246                              <1> 
   247                              <1>  CalculateIntegralY_%1_loop:
   248 00000B78 83F900              <1>  cmp CX, 0
   249 00000B7B 7409                <1>  je CalculateIntegralY_%1_coef_mult
   250 00000B7D DC0E[6100]          <1>  fmul qword [graph_current_x]
   251 00000B81 83E901              <1>  sub CX, 1
   252 00000B84 EBF2                <1>  jmp CalculateIntegralY_%1_loop
   253                              <1> 
   254                              <1>  CalculateIntegralY_%1_coef_mult:
   255 00000B86 DE0E[2D00]          <1>  fimul word [coef_%1_i_num]
   256 00000B8A DE36[2F00]          <1>  fidiv word [coef_%1_i_den]
   257                              <1> 
   258 00000B8E 803E[1300]00        <1>  cmp [coef_%1_sign], byte 0x0
   259 00000B93 7402                <1>  je CalculateIntegralY_x_%1_positive
   260 00000B95 D9E0                <1>  fchs
   261                              <1> 
   262                              <1>  CalculateIntegralY_x_%1_positive:
   263                              <1> 
   264 00000B97 DD06[5900]          <1>  fld qword [graph_result_y_i]
   265 00000B9B DEC1                <1>  faddp
   266 00000B9D DD1E[5900]          <1>  fstp qword [graph_result_y_i]
   267                              <1>  CalculateIntegralY_skip_%1:
   863                                  	MACRO_FIND_INTEG_X_VALUE_OF_COEF 4
   234                              <1> 
   235 00000BA1 833E[3100]00        <1>  cmp [coef_%1_i_num], word 0
   236 00000BA6 743D                <1>  je CalculateIntegralY_skip_%1
   237                              <1> 
   238 00000BA8 31C9                <1>  xor CX,CX
   239 00000BAA B90400              <1>  mov CX, %1
   240 00000BAD 83C101              <1>  add CX, 1
   241                              <1> 
   242 00000BB0 83F900              <1>  cmp CX, 0
   243 00000BB3 7415                <1>  je CalculateIntegralY_%1_coef_mult
   244 00000BB5 DD06[6100]          <1>  fld qword [graph_current_x]
   245 00000BB9 83E901              <1>  sub CX, 1
   246                              <1> 
   247                              <1>  CalculateIntegralY_%1_loop:
   248 00000BBC 83F900              <1>  cmp CX, 0
   249 00000BBF 7409                <1>  je CalculateIntegralY_%1_coef_mult
   250 00000BC1 DC0E[6100]          <1>  fmul qword [graph_current_x]
   251 00000BC5 83E901              <1>  sub CX, 1
   252 00000BC8 EBF2                <1>  jmp CalculateIntegralY_%1_loop
   253                              <1> 
   254                              <1>  CalculateIntegralY_%1_coef_mult:
   255 00000BCA DE0E[3100]          <1>  fimul word [coef_%1_i_num]
   256 00000BCE DE36[3300]          <1>  fidiv word [coef_%1_i_den]
   257                              <1> 
   258 00000BD2 803E[1600]00        <1>  cmp [coef_%1_sign], byte 0x0
   259 00000BD7 7402                <1>  je CalculateIntegralY_x_%1_positive
   260 00000BD9 D9E0                <1>  fchs
   261                              <1> 
   262                              <1>  CalculateIntegralY_x_%1_positive:
   263                              <1> 
   264 00000BDB DD06[5900]          <1>  fld qword [graph_result_y_i]
   265 00000BDF DEC1                <1>  faddp
   266 00000BE1 DD1E[5900]          <1>  fstp qword [graph_result_y_i]
   267                              <1>  CalculateIntegralY_skip_%1:
   864                                  	MACRO_FIND_INTEG_X_VALUE_OF_COEF 3
   234                              <1> 
   235 00000BE5 833E[3500]00        <1>  cmp [coef_%1_i_num], word 0
   236 00000BEA 743D                <1>  je CalculateIntegralY_skip_%1
   237                              <1> 
   238 00000BEC 31C9                <1>  xor CX,CX
   239 00000BEE B90300              <1>  mov CX, %1
   240 00000BF1 83C101              <1>  add CX, 1
   241                              <1> 
   242 00000BF4 83F900              <1>  cmp CX, 0
   243 00000BF7 7415                <1>  je CalculateIntegralY_%1_coef_mult
   244 00000BF9 DD06[6100]          <1>  fld qword [graph_current_x]
   245 00000BFD 83E901              <1>  sub CX, 1
   246                              <1> 
   247                              <1>  CalculateIntegralY_%1_loop:
   248 00000C00 83F900              <1>  cmp CX, 0
   249 00000C03 7409                <1>  je CalculateIntegralY_%1_coef_mult
   250 00000C05 DC0E[6100]          <1>  fmul qword [graph_current_x]
   251 00000C09 83E901              <1>  sub CX, 1
   252 00000C0C EBF2                <1>  jmp CalculateIntegralY_%1_loop
   253                              <1> 
   254                              <1>  CalculateIntegralY_%1_coef_mult:
   255 00000C0E DE0E[3500]          <1>  fimul word [coef_%1_i_num]
   256 00000C12 DE36[3700]          <1>  fidiv word [coef_%1_i_den]
   257                              <1> 
   258 00000C16 803E[1900]00        <1>  cmp [coef_%1_sign], byte 0x0
   259 00000C1B 7402                <1>  je CalculateIntegralY_x_%1_positive
   260 00000C1D D9E0                <1>  fchs
   261                              <1> 
   262                              <1>  CalculateIntegralY_x_%1_positive:
   263                              <1> 
   264 00000C1F DD06[5900]          <1>  fld qword [graph_result_y_i]
   265 00000C23 DEC1                <1>  faddp
   266 00000C25 DD1E[5900]          <1>  fstp qword [graph_result_y_i]
   267                              <1>  CalculateIntegralY_skip_%1:
   865                                  	MACRO_FIND_INTEG_X_VALUE_OF_COEF 2
   234                              <1> 
   235 00000C29 833E[3900]00        <1>  cmp [coef_%1_i_num], word 0
   236 00000C2E 743D                <1>  je CalculateIntegralY_skip_%1
   237                              <1> 
   238 00000C30 31C9                <1>  xor CX,CX
   239 00000C32 B90200              <1>  mov CX, %1
   240 00000C35 83C101              <1>  add CX, 1
   241                              <1> 
   242 00000C38 83F900              <1>  cmp CX, 0
   243 00000C3B 7415                <1>  je CalculateIntegralY_%1_coef_mult
   244 00000C3D DD06[6100]          <1>  fld qword [graph_current_x]
   245 00000C41 83E901              <1>  sub CX, 1
   246                              <1> 
   247                              <1>  CalculateIntegralY_%1_loop:
   248 00000C44 83F900              <1>  cmp CX, 0
   249 00000C47 7409                <1>  je CalculateIntegralY_%1_coef_mult
   250 00000C49 DC0E[6100]          <1>  fmul qword [graph_current_x]
   251 00000C4D 83E901              <1>  sub CX, 1
   252 00000C50 EBF2                <1>  jmp CalculateIntegralY_%1_loop
   253                              <1> 
   254                              <1>  CalculateIntegralY_%1_coef_mult:
   255 00000C52 DE0E[3900]          <1>  fimul word [coef_%1_i_num]
   256 00000C56 DE36[3B00]          <1>  fidiv word [coef_%1_i_den]
   257                              <1> 
   258 00000C5A 803E[1C00]00        <1>  cmp [coef_%1_sign], byte 0x0
   259 00000C5F 7402                <1>  je CalculateIntegralY_x_%1_positive
   260 00000C61 D9E0                <1>  fchs
   261                              <1> 
   262                              <1>  CalculateIntegralY_x_%1_positive:
   263                              <1> 
   264 00000C63 DD06[5900]          <1>  fld qword [graph_result_y_i]
   265 00000C67 DEC1                <1>  faddp
   266 00000C69 DD1E[5900]          <1>  fstp qword [graph_result_y_i]
   267                              <1>  CalculateIntegralY_skip_%1:
   866                                  	MACRO_FIND_INTEG_X_VALUE_OF_COEF 1
   234                              <1> 
   235 00000C6D 833E[3D00]00        <1>  cmp [coef_%1_i_num], word 0
   236 00000C72 743D                <1>  je CalculateIntegralY_skip_%1
   237                              <1> 
   238 00000C74 31C9                <1>  xor CX,CX
   239 00000C76 B90100              <1>  mov CX, %1
   240 00000C79 83C101              <1>  add CX, 1
   241                              <1> 
   242 00000C7C 83F900              <1>  cmp CX, 0
   243 00000C7F 7415                <1>  je CalculateIntegralY_%1_coef_mult
   244 00000C81 DD06[6100]          <1>  fld qword [graph_current_x]
   245 00000C85 83E901              <1>  sub CX, 1
   246                              <1> 
   247                              <1>  CalculateIntegralY_%1_loop:
   248 00000C88 83F900              <1>  cmp CX, 0
   249 00000C8B 7409                <1>  je CalculateIntegralY_%1_coef_mult
   250 00000C8D DC0E[6100]          <1>  fmul qword [graph_current_x]
   251 00000C91 83E901              <1>  sub CX, 1
   252 00000C94 EBF2                <1>  jmp CalculateIntegralY_%1_loop
   253                              <1> 
   254                              <1>  CalculateIntegralY_%1_coef_mult:
   255 00000C96 DE0E[3D00]          <1>  fimul word [coef_%1_i_num]
   256 00000C9A DE36[3F00]          <1>  fidiv word [coef_%1_i_den]
   257                              <1> 
   258 00000C9E 803E[1F00]00        <1>  cmp [coef_%1_sign], byte 0x0
   259 00000CA3 7402                <1>  je CalculateIntegralY_x_%1_positive
   260 00000CA5 D9E0                <1>  fchs
   261                              <1> 
   262                              <1>  CalculateIntegralY_x_%1_positive:
   263                              <1> 
   264 00000CA7 DD06[5900]          <1>  fld qword [graph_result_y_i]
   265 00000CAB DEC1                <1>  faddp
   266 00000CAD DD1E[5900]          <1>  fstp qword [graph_result_y_i]
   267                              <1>  CalculateIntegralY_skip_%1:
   867                                  	MACRO_FIND_INTEG_X_VALUE_OF_COEF 0
   234                              <1> 
   235 00000CB1 833E[4100]00        <1>  cmp [coef_%1_i_num], word 0
   236 00000CB6 743D                <1>  je CalculateIntegralY_skip_%1
   237                              <1> 
   238 00000CB8 31C9                <1>  xor CX,CX
   239 00000CBA B90000              <1>  mov CX, %1
   240 00000CBD 83C101              <1>  add CX, 1
   241                              <1> 
   242 00000CC0 83F900              <1>  cmp CX, 0
   243 00000CC3 7415                <1>  je CalculateIntegralY_%1_coef_mult
   244 00000CC5 DD06[6100]          <1>  fld qword [graph_current_x]
   245 00000CC9 83E901              <1>  sub CX, 1
   246                              <1> 
   247                              <1>  CalculateIntegralY_%1_loop:
   248 00000CCC 83F900              <1>  cmp CX, 0
   249 00000CCF 7409                <1>  je CalculateIntegralY_%1_coef_mult
   250 00000CD1 DC0E[6100]          <1>  fmul qword [graph_current_x]
   251 00000CD5 83E901              <1>  sub CX, 1
   252 00000CD8 EBF2                <1>  jmp CalculateIntegralY_%1_loop
   253                              <1> 
   254                              <1>  CalculateIntegralY_%1_coef_mult:
   255 00000CDA DE0E[4100]          <1>  fimul word [coef_%1_i_num]
   256 00000CDE DE36[4300]          <1>  fidiv word [coef_%1_i_den]
   257                              <1> 
   258 00000CE2 803E[2200]00        <1>  cmp [coef_%1_sign], byte 0x0
   259 00000CE7 7402                <1>  je CalculateIntegralY_x_%1_positive
   260 00000CE9 D9E0                <1>  fchs
   261                              <1> 
   262                              <1>  CalculateIntegralY_x_%1_positive:
   263                              <1> 
   264 00000CEB DD06[5900]          <1>  fld qword [graph_result_y_i]
   265 00000CEF DEC1                <1>  faddp
   266 00000CF1 DD1E[5900]          <1>  fstp qword [graph_result_y_i]
   267                              <1>  CalculateIntegralY_skip_%1:
   868                                  
   869                                  	;Special case of integration constant
   870 00000CF5 833E[4500]00            	cmp [coef_c], word 0					;if coefficient is 0, skip
   871 00000CFA 7417                    	je CalculateIntegralY_skip_c
   872                                  
   873 00000CFC DF06[4500]              	fild word [coef_c]						;Convert coef to float				F-Stack:1
   874                                  
   875 00000D00 803E[4700]00            	cmp [coef_c_sign], byte 0x0				;Its positive?
   876 00000D05 7402                    	je CalculateIntegralY_x_c_positive
   877 00000D07 D9E0                    	fchs									;(Change ST(0) sign)
   878                                  	CalculateIntegralY_x_c_positive:
   879                                  
   880 00000D09 DD06[5900]              	fld qword [graph_result_y_i]			;Load previous stored result		F-Stack:2
   881 00000D0D DEC1                    	faddp									;Add last coef to result			F-Stack:1
   882 00000D0F DD1E[5900]              	fstp qword [graph_result_y_i]			;Store it as float					F-Stack:0
   883                                  	CalculateIntegralY_skip_c:
   884                                  
   885 00000D13 C3                      	ret
   886                                  
   887                                  EnterFunctionCoefficients:
   888                                  	;COEF x^5
   889                                  	MACRO_ENTER_COEFFICIENT 5
    43                              <1>  EnterFunctionCoefficients_coef_%1:
    44                              <1>  MACRO_PRINT_STRING enter_coef_%1
    29 00000D14 B409                <2>  mov AH, 0x9
    30 00000D16 BA[F102]            <2>  mov DX, %1
    31 00000D19 CD21                <2>  int 0x21
    45 00000D1B E87202              <1>  call ReadUntilLN
    46                              <1>  MACRO_PARSE_STRING_BUFFER inStrBuf
    36 00000D1E BE[EF00]            <2>  mov SI, %1
    37 00000D21 E82502              <2>  call ParseString
    47                              <1> 
    48 00000D24 50                  <1>  push AX
    49 00000D25 B409                <1>  mov AH, 0x9
    50 00000D27 BA[6C06]            <1>  mov DX, text_ln_r
    51 00000D2A CD21                <1>  int 0x21
    52 00000D2C 58                  <1>  pop AX
    53                              <1> 
    54 00000D2D 83F901              <1>  cmp CX, 0x1
    55 00000D30 7509                <1>  jne EnterFunctionCoefficients_coef_%1_ok
    56                              <1>  MACRO_PRINT_STRING input_error_2
    29 00000D32 B409                <2>  mov AH, 0x9
    30 00000D34 BA[F601]            <2>  mov DX, %1
    31 00000D37 CD21                <2>  int 0x21
    57 00000D39 EBD9                <1>  jmp EnterFunctionCoefficients_coef_%1
    58                              <1>  EnterFunctionCoefficients_coef_%1_ok:
    59 00000D3B A3[1100]            <1>  mov [coef_%1], AX
    60 00000D3E 891E[1300]          <1>  mov [coef_%1_sign], BX
   890                                  	;COEF x^4
   891                                  	MACRO_ENTER_COEFFICIENT 4
    43                              <1>  EnterFunctionCoefficients_coef_%1:
    44                              <1>  MACRO_PRINT_STRING enter_coef_%1
    29 00000D42 B409                <2>  mov AH, 0x9
    30 00000D44 BA[1203]            <2>  mov DX, %1
    31 00000D47 CD21                <2>  int 0x21
    45 00000D49 E84402              <1>  call ReadUntilLN
    46                              <1>  MACRO_PARSE_STRING_BUFFER inStrBuf
    36 00000D4C BE[EF00]            <2>  mov SI, %1
    37 00000D4F E8F701              <2>  call ParseString
    47                              <1> 
    48 00000D52 50                  <1>  push AX
    49 00000D53 B409                <1>  mov AH, 0x9
    50 00000D55 BA[6C06]            <1>  mov DX, text_ln_r
    51 00000D58 CD21                <1>  int 0x21
    52 00000D5A 58                  <1>  pop AX
    53                              <1> 
    54 00000D5B 83F901              <1>  cmp CX, 0x1
    55 00000D5E 7509                <1>  jne EnterFunctionCoefficients_coef_%1_ok
    56                              <1>  MACRO_PRINT_STRING input_error_2
    29 00000D60 B409                <2>  mov AH, 0x9
    30 00000D62 BA[F601]            <2>  mov DX, %1
    31 00000D65 CD21                <2>  int 0x21
    57 00000D67 EBD9                <1>  jmp EnterFunctionCoefficients_coef_%1
    58                              <1>  EnterFunctionCoefficients_coef_%1_ok:
    59 00000D69 A3[1400]            <1>  mov [coef_%1], AX
    60 00000D6C 891E[1600]          <1>  mov [coef_%1_sign], BX
   892                                  	;COEF x^3
   893                                  	MACRO_ENTER_COEFFICIENT 3
    43                              <1>  EnterFunctionCoefficients_coef_%1:
    44                              <1>  MACRO_PRINT_STRING enter_coef_%1
    29 00000D70 B409                <2>  mov AH, 0x9
    30 00000D72 BA[3303]            <2>  mov DX, %1
    31 00000D75 CD21                <2>  int 0x21
    45 00000D77 E81602              <1>  call ReadUntilLN
    46                              <1>  MACRO_PARSE_STRING_BUFFER inStrBuf
    36 00000D7A BE[EF00]            <2>  mov SI, %1
    37 00000D7D E8C901              <2>  call ParseString
    47                              <1> 
    48 00000D80 50                  <1>  push AX
    49 00000D81 B409                <1>  mov AH, 0x9
    50 00000D83 BA[6C06]            <1>  mov DX, text_ln_r
    51 00000D86 CD21                <1>  int 0x21
    52 00000D88 58                  <1>  pop AX
    53                              <1> 
    54 00000D89 83F901              <1>  cmp CX, 0x1
    55 00000D8C 7509                <1>  jne EnterFunctionCoefficients_coef_%1_ok
    56                              <1>  MACRO_PRINT_STRING input_error_2
    29 00000D8E B409                <2>  mov AH, 0x9
    30 00000D90 BA[F601]            <2>  mov DX, %1
    31 00000D93 CD21                <2>  int 0x21
    57 00000D95 EBD9                <1>  jmp EnterFunctionCoefficients_coef_%1
    58                              <1>  EnterFunctionCoefficients_coef_%1_ok:
    59 00000D97 A3[1700]            <1>  mov [coef_%1], AX
    60 00000D9A 891E[1900]          <1>  mov [coef_%1_sign], BX
   894                                  	;COEF x^2
   895                                  	MACRO_ENTER_COEFFICIENT 2
    43                              <1>  EnterFunctionCoefficients_coef_%1:
    44                              <1>  MACRO_PRINT_STRING enter_coef_%1
    29 00000D9E B409                <2>  mov AH, 0x9
    30 00000DA0 BA[5403]            <2>  mov DX, %1
    31 00000DA3 CD21                <2>  int 0x21
    45 00000DA5 E8E801              <1>  call ReadUntilLN
    46                              <1>  MACRO_PARSE_STRING_BUFFER inStrBuf
    36 00000DA8 BE[EF00]            <2>  mov SI, %1
    37 00000DAB E89B01              <2>  call ParseString
    47                              <1> 
    48 00000DAE 50                  <1>  push AX
    49 00000DAF B409                <1>  mov AH, 0x9
    50 00000DB1 BA[6C06]            <1>  mov DX, text_ln_r
    51 00000DB4 CD21                <1>  int 0x21
    52 00000DB6 58                  <1>  pop AX
    53                              <1> 
    54 00000DB7 83F901              <1>  cmp CX, 0x1
    55 00000DBA 7509                <1>  jne EnterFunctionCoefficients_coef_%1_ok
    56                              <1>  MACRO_PRINT_STRING input_error_2
    29 00000DBC B409                <2>  mov AH, 0x9
    30 00000DBE BA[F601]            <2>  mov DX, %1
    31 00000DC1 CD21                <2>  int 0x21
    57 00000DC3 EBD9                <1>  jmp EnterFunctionCoefficients_coef_%1
    58                              <1>  EnterFunctionCoefficients_coef_%1_ok:
    59 00000DC5 A3[1A00]            <1>  mov [coef_%1], AX
    60 00000DC8 891E[1C00]          <1>  mov [coef_%1_sign], BX
   896                                  	;COEF x^1
   897                                  	MACRO_ENTER_COEFFICIENT 1
    43                              <1>  EnterFunctionCoefficients_coef_%1:
    44                              <1>  MACRO_PRINT_STRING enter_coef_%1
    29 00000DCC B409                <2>  mov AH, 0x9
    30 00000DCE BA[7503]            <2>  mov DX, %1
    31 00000DD1 CD21                <2>  int 0x21
    45 00000DD3 E8BA01              <1>  call ReadUntilLN
    46                              <1>  MACRO_PARSE_STRING_BUFFER inStrBuf
    36 00000DD6 BE[EF00]            <2>  mov SI, %1
    37 00000DD9 E86D01              <2>  call ParseString
    47                              <1> 
    48 00000DDC 50                  <1>  push AX
    49 00000DDD B409                <1>  mov AH, 0x9
    50 00000DDF BA[6C06]            <1>  mov DX, text_ln_r
    51 00000DE2 CD21                <1>  int 0x21
    52 00000DE4 58                  <1>  pop AX
    53                              <1> 
    54 00000DE5 83F901              <1>  cmp CX, 0x1
    55 00000DE8 7509                <1>  jne EnterFunctionCoefficients_coef_%1_ok
    56                              <1>  MACRO_PRINT_STRING input_error_2
    29 00000DEA B409                <2>  mov AH, 0x9
    30 00000DEC BA[F601]            <2>  mov DX, %1
    31 00000DEF CD21                <2>  int 0x21
    57 00000DF1 EBD9                <1>  jmp EnterFunctionCoefficients_coef_%1
    58                              <1>  EnterFunctionCoefficients_coef_%1_ok:
    59 00000DF3 A3[1D00]            <1>  mov [coef_%1], AX
    60 00000DF6 891E[1F00]          <1>  mov [coef_%1_sign], BX
   898                                  	;COEF x^0
   899                                  	MACRO_ENTER_COEFFICIENT 0
    43                              <1>  EnterFunctionCoefficients_coef_%1:
    44                              <1>  MACRO_PRINT_STRING enter_coef_%1
    29 00000DFA B409                <2>  mov AH, 0x9
    30 00000DFC BA[9603]            <2>  mov DX, %1
    31 00000DFF CD21                <2>  int 0x21
    45 00000E01 E88C01              <1>  call ReadUntilLN
    46                              <1>  MACRO_PARSE_STRING_BUFFER inStrBuf
    36 00000E04 BE[EF00]            <2>  mov SI, %1
    37 00000E07 E83F01              <2>  call ParseString
    47                              <1> 
    48 00000E0A 50                  <1>  push AX
    49 00000E0B B409                <1>  mov AH, 0x9
    50 00000E0D BA[6C06]            <1>  mov DX, text_ln_r
    51 00000E10 CD21                <1>  int 0x21
    52 00000E12 58                  <1>  pop AX
    53                              <1> 
    54 00000E13 83F901              <1>  cmp CX, 0x1
    55 00000E16 7509                <1>  jne EnterFunctionCoefficients_coef_%1_ok
    56                              <1>  MACRO_PRINT_STRING input_error_2
    29 00000E18 B409                <2>  mov AH, 0x9
    30 00000E1A BA[F601]            <2>  mov DX, %1
    31 00000E1D CD21                <2>  int 0x21
    57 00000E1F EBD9                <1>  jmp EnterFunctionCoefficients_coef_%1
    58                              <1>  EnterFunctionCoefficients_coef_%1_ok:
    59 00000E21 A3[2000]            <1>  mov [coef_%1], AX
    60 00000E24 891E[2200]          <1>  mov [coef_%1_sign], BX
   900 00000E28 E80900                  	call UpdateDerivativeCoefficients
   901 00000E2B E84800                  	call UpdateIntegralCoefficients
   902 00000E2E C606[1000]01            	mov [function_exists], byte 0x1
   903 00000E33 C3                      	ret
   904                                  
   905                                  
   906                                  UpdateDerivativeCoefficients:
   907                                  	MACRO_UPDATE_DERIVATIVE_COEF 5
   130 00000E34 31D2                <1>  xor DX, DX
   131 00000E36 A1[1100]            <1>  mov AX, [coef_%1]
   132 00000E39 BB0500              <1>  mov BX, %1
   133 00000E3C F7E3                <1>  mul BX
   134 00000E3E A3[2300]            <1>  mov [coef_%1_d], AX
   908                                  	MACRO_UPDATE_DERIVATIVE_COEF 4
   130 00000E41 31D2                <1>  xor DX, DX
   131 00000E43 A1[1400]            <1>  mov AX, [coef_%1]
   132 00000E46 BB0400              <1>  mov BX, %1
   133 00000E49 F7E3                <1>  mul BX
   134 00000E4B A3[2500]            <1>  mov [coef_%1_d], AX
   909                                  	MACRO_UPDATE_DERIVATIVE_COEF 3
   130 00000E4E 31D2                <1>  xor DX, DX
   131 00000E50 A1[1700]            <1>  mov AX, [coef_%1]
   132 00000E53 BB0300              <1>  mov BX, %1
   133 00000E56 F7E3                <1>  mul BX
   134 00000E58 A3[2700]            <1>  mov [coef_%1_d], AX
   910                                  	MACRO_UPDATE_DERIVATIVE_COEF 2
   130 00000E5B 31D2                <1>  xor DX, DX
   131 00000E5D A1[1A00]            <1>  mov AX, [coef_%1]
   132 00000E60 BB0200              <1>  mov BX, %1
   133 00000E63 F7E3                <1>  mul BX
   134 00000E65 A3[2900]            <1>  mov [coef_%1_d], AX
   911                                  	MACRO_UPDATE_DERIVATIVE_COEF 1
   130 00000E68 31D2                <1>  xor DX, DX
   131 00000E6A A1[1D00]            <1>  mov AX, [coef_%1]
   132 00000E6D BB0100              <1>  mov BX, %1
   133 00000E70 F7E3                <1>  mul BX
   134 00000E72 A3[2B00]            <1>  mov [coef_%1_d], AX
   912 00000E75 C3                      	ret
   913                                  
   914                                  UpdateIntegralCoefficients:
   915                                  	MACRO_UPDATE_INTEGRAL_COEFFICIENT 5
   138                              <1> 
   139 00000E76 FF36[1100]          <1>  push word [coef_%1]
   140 00000E7A 6A06                <1>  push %1+1
   141 00000E7C E82F0B              <1>  call MaxCommonDivisor
   142 00000E7F 6683C404            <1>  add ESP, 4
   143                              <1> 
   144                              <1> 
   145 00000E83 89C3                <1>  mov BX, AX
   146 00000E85 31D2                <1>  xor DX, DX
   147 00000E87 A1[1100]            <1>  mov AX, [coef_%1]
   148 00000E8A F7F3                <1>  div BX
   149 00000E8C A3[2D00]            <1>  mov [coef_%1_i_num], AX
   150                              <1> 
   151                              <1> 
   152 00000E8F 31D2                <1>  xor DX, DX
   153 00000E91 B80600              <1>  mov AX, %1+1
   154 00000E94 F7F3                <1>  div BX
   155 00000E96 A3[2F00]            <1>  mov [coef_%1_i_den], AX
   156                              <1> 
   916                                  	MACRO_UPDATE_INTEGRAL_COEFFICIENT 4
   138                              <1> 
   139 00000E99 FF36[1400]          <1>  push word [coef_%1]
   140 00000E9D 6A05                <1>  push %1+1
   141 00000E9F E80C0B              <1>  call MaxCommonDivisor
   142 00000EA2 6683C404            <1>  add ESP, 4
   143                              <1> 
   144                              <1> 
   145 00000EA6 89C3                <1>  mov BX, AX
   146 00000EA8 31D2                <1>  xor DX, DX
   147 00000EAA A1[1400]            <1>  mov AX, [coef_%1]
   148 00000EAD F7F3                <1>  div BX
   149 00000EAF A3[3100]            <1>  mov [coef_%1_i_num], AX
   150                              <1> 
   151                              <1> 
   152 00000EB2 31D2                <1>  xor DX, DX
   153 00000EB4 B80500              <1>  mov AX, %1+1
   154 00000EB7 F7F3                <1>  div BX
   155 00000EB9 A3[3300]            <1>  mov [coef_%1_i_den], AX
   156                              <1> 
   917                                  	MACRO_UPDATE_INTEGRAL_COEFFICIENT 3
   138                              <1> 
   139 00000EBC FF36[1700]          <1>  push word [coef_%1]
   140 00000EC0 6A04                <1>  push %1+1
   141 00000EC2 E8E90A              <1>  call MaxCommonDivisor
   142 00000EC5 6683C404            <1>  add ESP, 4
   143                              <1> 
   144                              <1> 
   145 00000EC9 89C3                <1>  mov BX, AX
   146 00000ECB 31D2                <1>  xor DX, DX
   147 00000ECD A1[1700]            <1>  mov AX, [coef_%1]
   148 00000ED0 F7F3                <1>  div BX
   149 00000ED2 A3[3500]            <1>  mov [coef_%1_i_num], AX
   150                              <1> 
   151                              <1> 
   152 00000ED5 31D2                <1>  xor DX, DX
   153 00000ED7 B80400              <1>  mov AX, %1+1
   154 00000EDA F7F3                <1>  div BX
   155 00000EDC A3[3700]            <1>  mov [coef_%1_i_den], AX
   156                              <1> 
   918                                  	MACRO_UPDATE_INTEGRAL_COEFFICIENT 2
   138                              <1> 
   139 00000EDF FF36[1A00]          <1>  push word [coef_%1]
   140 00000EE3 6A03                <1>  push %1+1
   141 00000EE5 E8C60A              <1>  call MaxCommonDivisor
   142 00000EE8 6683C404            <1>  add ESP, 4
   143                              <1> 
   144                              <1> 
   145 00000EEC 89C3                <1>  mov BX, AX
   146 00000EEE 31D2                <1>  xor DX, DX
   147 00000EF0 A1[1A00]            <1>  mov AX, [coef_%1]
   148 00000EF3 F7F3                <1>  div BX
   149 00000EF5 A3[3900]            <1>  mov [coef_%1_i_num], AX
   150                              <1> 
   151                              <1> 
   152 00000EF8 31D2                <1>  xor DX, DX
   153 00000EFA B80300              <1>  mov AX, %1+1
   154 00000EFD F7F3                <1>  div BX
   155 00000EFF A3[3B00]            <1>  mov [coef_%1_i_den], AX
   156                              <1> 
   919                                  	MACRO_UPDATE_INTEGRAL_COEFFICIENT 1
   138                              <1> 
   139 00000F02 FF36[1D00]          <1>  push word [coef_%1]
   140 00000F06 6A02                <1>  push %1+1
   141 00000F08 E8A30A              <1>  call MaxCommonDivisor
   142 00000F0B 6683C404            <1>  add ESP, 4
   143                              <1> 
   144                              <1> 
   145 00000F0F 89C3                <1>  mov BX, AX
   146 00000F11 31D2                <1>  xor DX, DX
   147 00000F13 A1[1D00]            <1>  mov AX, [coef_%1]
   148 00000F16 F7F3                <1>  div BX
   149 00000F18 A3[3D00]            <1>  mov [coef_%1_i_num], AX
   150                              <1> 
   151                              <1> 
   152 00000F1B 31D2                <1>  xor DX, DX
   153 00000F1D B80200              <1>  mov AX, %1+1
   154 00000F20 F7F3                <1>  div BX
   155 00000F22 A3[3F00]            <1>  mov [coef_%1_i_den], AX
   156                              <1> 
   920                                  	MACRO_UPDATE_INTEGRAL_COEFFICIENT 0
   138                              <1> 
   139 00000F25 FF36[2000]          <1>  push word [coef_%1]
   140 00000F29 6A01                <1>  push %1+1
   141 00000F2B E8800A              <1>  call MaxCommonDivisor
   142 00000F2E 6683C404            <1>  add ESP, 4
   143                              <1> 
   144                              <1> 
   145 00000F32 89C3                <1>  mov BX, AX
   146 00000F34 31D2                <1>  xor DX, DX
   147 00000F36 A1[2000]            <1>  mov AX, [coef_%1]
   148 00000F39 F7F3                <1>  div BX
   149 00000F3B A3[4100]            <1>  mov [coef_%1_i_num], AX
   150                              <1> 
   151                              <1> 
   152 00000F3E 31D2                <1>  xor DX, DX
   153 00000F40 B80100              <1>  mov AX, %1+1
   154 00000F43 F7F3                <1>  div BX
   155 00000F45 A3[4300]            <1>  mov [coef_%1_i_den], AX
   156                              <1> 
   921 00000F48 C3                      	ret
   922                                  
   923                                  ParseString:	;[SI] as pointer,   returns: AX: result BX: sign  CX:return code
   924 00000F49 31C0                        xor ax, ax 	; Clean needed registers
   925 00000F4B 31DB                        xor bx, bx 	;
   926 00000F4D 31C9                        xor cx, cx 	;
   927                                  
   928 00000F4F BF0A00                      mov di, 10 ; set the base to 10
   929                                  
   930 00000F52 8A1C                    	mov bl, [SI] ; load the current character into bl
   931                                  
   932 00000F54 83FB2B                  	cmp bx, '+'
   933 00000F57 7503                    	jne ParseString_check_minus
   934 00000F59 46                      	inc si ; move to the next character
   935 00000F5A EB0A                    	jmp ParseString_is_positive
   936                                  
   937                                  	ParseString_check_minus:
   938 00000F5C 83FB2D                  	cmp bx, '-'
   939 00000F5F 7505                    	jne ParseString_is_positive
   940 00000F61 6A01                    	push 0x1	;Flag as negative
   941 00000F63 46                      	inc si 		; move to the next character
   942                                  
   943 00000F64 EB02                    	jmp parse_loop
   944                                  
   945                                  	ParseString_is_positive:
   946 00000F66 6A00                    	push 0x0	;Flag as possitive
   947                                  
   948                                  	parse_loop:
   949 00000F68 8A1C                        mov bl, [SI] ; load the current character into al
   950 00000F6A 46                          inc si ; move to the next character
   951                                  
   952 00000F6B 80FB00                      cmp bl, 0x0 		;have we reached the end of the number?
   953 00000F6E 7413                        je  parse_done
   954                                  
   955 00000F70 83FB30                  	cmp bx, '0'			;Is this not a number char? (lower half)
   956 00000F73 7C13                    	jl parse_error
   957 00000F75 83FB39                  	cmp bx, '9'			;Is this not a number char? (upper half)
   958 00000F78 7F0E                    	jg parse_error
   959                                  
   960 00000F7A 83EB30                      sub bx, '0' 		; subtract the ASCII value of '0' to get the actual numeric value
   961 00000F7D F7E7                        mul di		 		; multiply the current result by the base (10)
   962 00000F7F 01D8                        add ax, bx 			; add the digit to the result
   963                                  
   964 00000F81 EBE5                        jmp parse_loop ; continue parsing the next character
   965                                  
   966                                  	parse_done:
   967 00000F83 B90000                  	mov CX, 0			;Exit code 0 for success, 1 for input error
   968 00000F86 5B                      	pop BX
   969                                  ;	cmp BX, 0
   970                                  ;	je ParseString_not_negative_result
   971                                  ;	neg AX
   972                                  ;	ParseString_not_negative_result
   973 00000F87 C3                          ret
   974                                  
   975                                      parse_error:
   976 00000F88 B90100                      mov CX, 1
   977                                  ;    pop BX
   978 00000F8B 6683C402                	add esp, 2
   979 00000F8F C3                          ret
   980                                  
   981                                  
   982                                  ReadUntilLN:
   983                                  
   984 00000F90 BF[EF00]                	mov DI, inStrBuf		;Put start of str ptr into inStrBuf_p
   985 00000F93 893E[ED00]              	mov [inStrBuf_p], DI
   986                                  
   987                                  	ReadUntilLN_loop:
   988 00000F97 B408                    	mov AH, 0x8		;User input without echo
   989 00000F99 CD21                    	int 0x21		;DOS Function Dispatcher
   990                                  
   991 00000F9B 3C0D                    	cmp AL, 0xD				;Compare to \r
   992 00000F9D 7412                    	je ReadUntilLN_done
   993                                  
   994 00000F9F 8B3E[ED00]              	mov DI, [inStrBuf_p]		;Put char pointer in DI
   995 00000FA3 8805                    	mov [DI], AL				;Set value to the read char
   996 00000FA5 FE06[ED00]              	inc byte [inStrBuf_p]		;Increment pointer
   997                                  
   998                                  	;Feedback entered char to user
   999 00000FA9 B406                    	mov AH, 0x6		;Direct I/O
  1000 00000FAB 88C2                    	mov DL, AL		;
  1001 00000FAD CD21                    	int 0x21
  1002 00000FAF EBE6                    	jmp ReadUntilLN_loop
  1003                                  
  1004                                  	ReadUntilLN_done:
  1005 00000FB1 8B3E[ED00]              	mov DI, [inStrBuf_p]
  1006 00000FB5 C60500                  	mov byte [DI], 0x0		;null-terminate string
  1007 00000FB8 47                      	inc DI
  1008 00000FB9 C60524                  	mov byte [DI], 0x24		;add $ for printing
  1009 00000FBC C3                      	ret
  1010                                  
  1011                                  
  1012                                  UserMainOptionInput:
  1013                                  	CLEARSCREEN
     2                              <1> 
     3 00000FBD B400                <1>  mov AH, 0x0
     4 00000FBF B012                <1>  mov AL, 0x12
     5 00000FC1 CD10                <1>  int 0x10
  1014 00000FC3 E88508                  	call PrintMainMenu
  1015 00000FC6 B408                    	mov AH, 0x8		;User input without echo
  1016 00000FC8 CD21                    	int 0x21		;DOS Function Dispatcher
  1017                                  
  1018                                  	;Compare all posible entrys
  1019 00000FCA 3C31                    	cmp al, '1'
  1020 00000FCC 7505                    	jne option_2
  1021 00000FCE E843FD                  	call EnterFunctionCoefficients
  1022 00000FD1 EBEA                    	jmp UserMainOptionInput
  1023                                  
  1024                                  	option_2:
  1025 00000FD3 3C32                    	cmp al, '2'
  1026 00000FD5 7505                    	jne option_3
  1027 00000FD7 E85E00                  	call PrintStoredFunction
  1028 00000FDA EBE1                    	jmp UserMainOptionInput
  1029                                  
  1030                                  	option_3:
  1031 00000FDC 3C33                    	cmp al, '3'
  1032 00000FDE 7505                    	jne option_4
  1033 00000FE0 E8F301                  	call PrintFunctionDerivative
  1034 00000FE3 EBD8                    	jmp UserMainOptionInput
  1035                                  
  1036                                  	option_4:
  1037 00000FE5 3C34                    	cmp al, '4'
  1038 00000FE7 7505                    	jne option_5
  1039 00000FE9 E84A03                  	call PrintFunctionIntegral
  1040 00000FEC EBCF                    	jmp UserMainOptionInput
  1041                                  
  1042                                  	option_5:
  1043 00000FEE 3C35                    	cmp al, '5'
  1044 00000FF0 7505                        jne option_6
  1045 00000FF2 E841F6                      call GraphFunction
  1046 00000FF5 EBC6                    	jmp UserMainOptionInput
  1047                                  
  1048                                      option_6:
  1049 00000FF7 3C36                        cmp al, '6'
  1050 00000FF9 7508                        jne option_7
  1051 00000FFB E81DF0                      call AskNumericParameters
  1052 00000FFE E8C005                      call SolveByNewton
  1053 00001001 EBBA                    	jmp UserMainOptionInput
  1054                                  
  1055                                      option_7:
  1056 00001003 3C37                        cmp al, '7'
  1057 00001005 7508                        jne option_8
  1058 00001007 E811F0                      call AskNumericParameters
  1059 0000100A E858F1                      call SolveBySteffensen
  1060 0000100D EBAE                    	jmp UserMainOptionInput
  1061                                  
  1062                                      option_8:
  1063 0000100F 3C38                        cmp al, '8'
  1064 00001011 7508                        jne option_unknown
  1065                                      MACRO_EXIT_APPLICATION
     9 00001013 B44C                <1>  mov AH, 0x4C
    10 00001015 B000                <1>  mov AL, 0x0
    11 00001017 CD21                <1>  int 0x21
  1066 00001019 EBA2                    	jmp UserMainOptionInput
  1067                                  
  1068                                      option_unknown:
  1069                                      CLEARSCREEN
     2                              <1> 
     3 0000101B B400                <1>  mov AH, 0x0
     4 0000101D B012                <1>  mov AL, 0x12
     5 0000101F CD10                <1>  int 0x10
  1070 00001021 E82708                  	call PrintMainMenu
  1071                                  	MACRO_PRINT_STRING input_error_1	;"Entered option is not valid"
    29 00001024 B409                <1>  mov AH, 0x9
    30 00001026 BA[D301]            <1>  mov DX, %1
    31 00001029 CD21                <1>  int 0x21
  1072                                  	MACRO_PRINT_STRING str_press_any
    29 0000102B B409                <1>  mov AH, 0x9
    30 0000102D BA[6300]            <1>  mov DX, %1
    31 00001030 CD21                <1>  int 0x21
  1073                                  	MACRO_INPUT_CHAR_NO_ECO
    15 00001032 B408                <1>  mov AH, 0x8
    16 00001034 CD21                <1>  int 0x21
  1074 00001036 EB85                    	jmp UserMainOptionInput
  1075                                  
  1076                                  
  1077                                  PrintStoredFunction:
  1078 00001038 803E[1000]00            	cmp [function_exists], byte 0x0		;Check if function has been entered before printing something
  1079 0000103D 7513                    	jne PrintStoredFunction_function_exists
  1080                                  	MACRO_PRINT_STRING str_no_function
    29 0000103F B409                <1>  mov AH, 0x9
    30 00001041 BA[7502]            <1>  mov DX, %1
    31 00001044 CD21                <1>  int 0x21
  1081                                  	MACRO_PRINT_STRING str_press_any
    29 00001046 B409                <1>  mov AH, 0x9
    30 00001048 BA[6300]            <1>  mov DX, %1
    31 0000104B CD21                <1>  int 0x21
  1082                                  	MACRO_INPUT_CHAR_NO_ECO
    15 0000104D B408                <1>  mov AH, 0x8
    16 0000104F CD21                <1>  int 0x21
  1083 00001051 C3                      	ret
  1084                                  
  1085                                  	PrintStoredFunction_function_exists:
  1086                                  	MACRO_PRINT_STRING str_function_is
    29 00001052 B409                <1>  mov AH, 0x9
    30 00001054 BA[9B02]            <1>  mov DX, %1
    31 00001057 CD21                <1>  int 0x21
  1087 00001059 833E[1100]00            	cmp [coef_5], word 0				;if coefficient is 0, skip
  1088 0000105E 742D                    	je PrintStoredFunction_skip_5
  1089 00001060 803E[1300]00            	cmp [coef_5_sign], byte 0			;Sign is positive? no need to print + in first term
  1090 00001065 7408                    	je PrintStoredFunction_5_pos
  1091                                  	MACRO_PRINT_CHAR 0x2d				; -
    21 00001067 31D2                <1>  xor DX, DX
    22 00001069 B406                <1>  mov AH, 0x6
    23 0000106B B22D                <1>  mov DL, %1
    24 0000106D CD21                <1>  int 0x21
  1092                                  	PrintStoredFunction_5_pos:
  1093                                  	MACRO_PARSE_NUMBER_WITHOUT_SIGN_TO_STRING [coef_5]
    65 0000106F BE[3501]            <1>  mov SI, word gen_output_buff
    66 00001072 6A00                <1>  push word 0x0
    67 00001074 FF36[1100]          <1>  push word %1
    68 00001078 E8FE07              <1>  call NumberToString
    69 0000107B 6683C404            <1>  add ESP, 4
  1094                                  	MACRO_PRINT_STRING gen_output_buff	;Print the parsed number
    29 0000107F B409                <1>  mov AH, 0x9
    30 00001081 BA[3501]            <1>  mov DX, %1
    31 00001084 CD21                <1>  int 0x21
  1095                                  	MACRO_PRINT_STRING str_x_5			;x^5
    29 00001086 B409                <1>  mov AH, 0x9
    30 00001088 BA[3E06]            <1>  mov DX, %1
    31 0000108B CD21                <1>  int 0x21
  1096                                  
  1097                                  	;Repeat above for every coefficient
  1098                                  	PrintStoredFunction_skip_5:
  1099 0000108D 833E[1400]00            	cmp [coef_4], word 0
  1100 00001092 7437                    	je PrintStoredFunction_skip_4
  1101                                  	MACRO_PRINT_FUNC_COEF 4
    75 00001094 803E[1600]00        <1>  cmp [coef_%1_sign], byte 0
    76 00001099 740A                <1>  je m_print_func_coef_%1_pos
    77                              <1>  MACRO_PRINT_CHAR 0x2d
    21 0000109B 31D2                <2>  xor DX, DX
    22 0000109D B406                <2>  mov AH, 0x6
    23 0000109F B22D                <2>  mov DL, %1
    24 000010A1 CD21                <2>  int 0x21
    78 000010A3 EB08                <1>  jmp m_print_func_coef_%1_number
    79                              <1> 
    80                              <1>  m_print_func_coef_%1_pos:
    81                              <1>  MACRO_PRINT_CHAR 0x2b
    21 000010A5 31D2                <2>  xor DX, DX
    22 000010A7 B406                <2>  mov AH, 0x6
    23 000010A9 B22B                <2>  mov DL, %1
    24 000010AB CD21                <2>  int 0x21
    82                              <1> 
    83                              <1>  m_print_func_coef_%1_number:
    84                              <1>  MACRO_PARSE_NUMBER_WITHOUT_SIGN_TO_STRING [coef_%1]
    65 000010AD BE[3501]            <2>  mov SI, word gen_output_buff
    66 000010B0 6A00                <2>  push word 0x0
    67 000010B2 FF36[1400]          <2>  push word %1
    68 000010B6 E8C007              <2>  call NumberToString
    69 000010B9 6683C404            <2>  add ESP, 4
    85                              <1>  MACRO_PRINT_STRING gen_output_buff
    29 000010BD B409                <2>  mov AH, 0x9
    30 000010BF BA[3501]            <2>  mov DX, %1
    31 000010C2 CD21                <2>  int 0x21
    86                              <1>  MACRO_PRINT_STRING str_x_%1
    29 000010C4 B409                <2>  mov AH, 0x9
    30 000010C6 BA[4306]            <2>  mov DX, %1
    31 000010C9 CD21                <2>  int 0x21
  1102                                  
  1103                                  	PrintStoredFunction_skip_4:
  1104 000010CB 833E[1700]00            	cmp [coef_3], word 0
  1105 000010D0 7437                    	je PrintStoredFunction_skip_3
  1106                                  	MACRO_PRINT_FUNC_COEF 3
    75 000010D2 803E[1900]00        <1>  cmp [coef_%1_sign], byte 0
    76 000010D7 740A                <1>  je m_print_func_coef_%1_pos
    77                              <1>  MACRO_PRINT_CHAR 0x2d
    21 000010D9 31D2                <2>  xor DX, DX
    22 000010DB B406                <2>  mov AH, 0x6
    23 000010DD B22D                <2>  mov DL, %1
    24 000010DF CD21                <2>  int 0x21
    78 000010E1 EB08                <1>  jmp m_print_func_coef_%1_number
    79                              <1> 
    80                              <1>  m_print_func_coef_%1_pos:
    81                              <1>  MACRO_PRINT_CHAR 0x2b
    21 000010E3 31D2                <2>  xor DX, DX
    22 000010E5 B406                <2>  mov AH, 0x6
    23 000010E7 B22B                <2>  mov DL, %1
    24 000010E9 CD21                <2>  int 0x21
    82                              <1> 
    83                              <1>  m_print_func_coef_%1_number:
    84                              <1>  MACRO_PARSE_NUMBER_WITHOUT_SIGN_TO_STRING [coef_%1]
    65 000010EB BE[3501]            <2>  mov SI, word gen_output_buff
    66 000010EE 6A00                <2>  push word 0x0
    67 000010F0 FF36[1700]          <2>  push word %1
    68 000010F4 E88207              <2>  call NumberToString
    69 000010F7 6683C404            <2>  add ESP, 4
    85                              <1>  MACRO_PRINT_STRING gen_output_buff
    29 000010FB B409                <2>  mov AH, 0x9
    30 000010FD BA[3501]            <2>  mov DX, %1
    31 00001100 CD21                <2>  int 0x21
    86                              <1>  MACRO_PRINT_STRING str_x_%1
    29 00001102 B409                <2>  mov AH, 0x9
    30 00001104 BA[4806]            <2>  mov DX, %1
    31 00001107 CD21                <2>  int 0x21
  1107                                  
  1108                                  	PrintStoredFunction_skip_3:
  1109 00001109 833E[1A00]00            	cmp [coef_2], word 0
  1110 0000110E 7437                    	je PrintStoredFunction_skip_2
  1111                                  	MACRO_PRINT_FUNC_COEF 2
    75 00001110 803E[1C00]00        <1>  cmp [coef_%1_sign], byte 0
    76 00001115 740A                <1>  je m_print_func_coef_%1_pos
    77                              <1>  MACRO_PRINT_CHAR 0x2d
    21 00001117 31D2                <2>  xor DX, DX
    22 00001119 B406                <2>  mov AH, 0x6
    23 0000111B B22D                <2>  mov DL, %1
    24 0000111D CD21                <2>  int 0x21
    78 0000111F EB08                <1>  jmp m_print_func_coef_%1_number
    79                              <1> 
    80                              <1>  m_print_func_coef_%1_pos:
    81                              <1>  MACRO_PRINT_CHAR 0x2b
    21 00001121 31D2                <2>  xor DX, DX
    22 00001123 B406                <2>  mov AH, 0x6
    23 00001125 B22B                <2>  mov DL, %1
    24 00001127 CD21                <2>  int 0x21
    82                              <1> 
    83                              <1>  m_print_func_coef_%1_number:
    84                              <1>  MACRO_PARSE_NUMBER_WITHOUT_SIGN_TO_STRING [coef_%1]
    65 00001129 BE[3501]            <2>  mov SI, word gen_output_buff
    66 0000112C 6A00                <2>  push word 0x0
    67 0000112E FF36[1A00]          <2>  push word %1
    68 00001132 E84407              <2>  call NumberToString
    69 00001135 6683C404            <2>  add ESP, 4
    85                              <1>  MACRO_PRINT_STRING gen_output_buff
    29 00001139 B409                <2>  mov AH, 0x9
    30 0000113B BA[3501]            <2>  mov DX, %1
    31 0000113E CD21                <2>  int 0x21
    86                              <1>  MACRO_PRINT_STRING str_x_%1
    29 00001140 B409                <2>  mov AH, 0x9
    30 00001142 BA[4D06]            <2>  mov DX, %1
    31 00001145 CD21                <2>  int 0x21
  1112                                  
  1113                                  	PrintStoredFunction_skip_2:
  1114 00001147 833E[1D00]00            	cmp [coef_1], word 0
  1115 0000114C 7437                    	je PrintStoredFunction_skip_1
  1116                                  	MACRO_PRINT_FUNC_COEF 1
    75 0000114E 803E[1F00]00        <1>  cmp [coef_%1_sign], byte 0
    76 00001153 740A                <1>  je m_print_func_coef_%1_pos
    77                              <1>  MACRO_PRINT_CHAR 0x2d
    21 00001155 31D2                <2>  xor DX, DX
    22 00001157 B406                <2>  mov AH, 0x6
    23 00001159 B22D                <2>  mov DL, %1
    24 0000115B CD21                <2>  int 0x21
    78 0000115D EB08                <1>  jmp m_print_func_coef_%1_number
    79                              <1> 
    80                              <1>  m_print_func_coef_%1_pos:
    81                              <1>  MACRO_PRINT_CHAR 0x2b
    21 0000115F 31D2                <2>  xor DX, DX
    22 00001161 B406                <2>  mov AH, 0x6
    23 00001163 B22B                <2>  mov DL, %1
    24 00001165 CD21                <2>  int 0x21
    82                              <1> 
    83                              <1>  m_print_func_coef_%1_number:
    84                              <1>  MACRO_PARSE_NUMBER_WITHOUT_SIGN_TO_STRING [coef_%1]
    65 00001167 BE[3501]            <2>  mov SI, word gen_output_buff
    66 0000116A 6A00                <2>  push word 0x0
    67 0000116C FF36[1D00]          <2>  push word %1
    68 00001170 E80607              <2>  call NumberToString
    69 00001173 6683C404            <2>  add ESP, 4
    85                              <1>  MACRO_PRINT_STRING gen_output_buff
    29 00001177 B409                <2>  mov AH, 0x9
    30 00001179 BA[3501]            <2>  mov DX, %1
    31 0000117C CD21                <2>  int 0x21
    86                              <1>  MACRO_PRINT_STRING str_x_%1
    29 0000117E B409                <2>  mov AH, 0x9
    30 00001180 BA[5206]            <2>  mov DX, %1
    31 00001183 CD21                <2>  int 0x21
  1117                                  
  1118                                  	PrintStoredFunction_skip_1:
  1119 00001185 833E[2000]00            	cmp [coef_0], word 0
  1120 0000118A 7437                    	je PrintStoredFunction_skip_0
  1121                                  	MACRO_PRINT_FUNC_COEF 0
    75 0000118C 803E[2200]00        <1>  cmp [coef_%1_sign], byte 0
    76 00001191 740A                <1>  je m_print_func_coef_%1_pos
    77                              <1>  MACRO_PRINT_CHAR 0x2d
    21 00001193 31D2                <2>  xor DX, DX
    22 00001195 B406                <2>  mov AH, 0x6
    23 00001197 B22D                <2>  mov DL, %1
    24 00001199 CD21                <2>  int 0x21
    78 0000119B EB08                <1>  jmp m_print_func_coef_%1_number
    79                              <1> 
    80                              <1>  m_print_func_coef_%1_pos:
    81                              <1>  MACRO_PRINT_CHAR 0x2b
    21 0000119D 31D2                <2>  xor DX, DX
    22 0000119F B406                <2>  mov AH, 0x6
    23 000011A1 B22B                <2>  mov DL, %1
    24 000011A3 CD21                <2>  int 0x21
    82                              <1> 
    83                              <1>  m_print_func_coef_%1_number:
    84                              <1>  MACRO_PARSE_NUMBER_WITHOUT_SIGN_TO_STRING [coef_%1]
    65 000011A5 BE[3501]            <2>  mov SI, word gen_output_buff
    66 000011A8 6A00                <2>  push word 0x0
    67 000011AA FF36[2000]          <2>  push word %1
    68 000011AE E8C806              <2>  call NumberToString
    69 000011B1 6683C404            <2>  add ESP, 4
    85                              <1>  MACRO_PRINT_STRING gen_output_buff
    29 000011B5 B409                <2>  mov AH, 0x9
    30 000011B7 BA[3501]            <2>  mov DX, %1
    31 000011BA CD21                <2>  int 0x21
    86                              <1>  MACRO_PRINT_STRING str_x_%1
    29 000011BC B409                <2>  mov AH, 0x9
    30 000011BE BA[5506]            <2>  mov DX, %1
    31 000011C1 CD21                <2>  int 0x21
  1122                                  
  1123                                  	PrintStoredFunction_skip_0:
  1124                                  
  1125                                  	MACRO_PRINT_STRING text_ln_r
    29 000011C3 B409                <1>  mov AH, 0x9
    30 000011C5 BA[6C06]            <1>  mov DX, %1
    31 000011C8 CD21                <1>  int 0x21
  1126                                  	MACRO_PRINT_STRING str_press_any
    29 000011CA B409                <1>  mov AH, 0x9
    30 000011CC BA[6300]            <1>  mov DX, %1
    31 000011CF CD21                <1>  int 0x21
  1127                                  	MACRO_INPUT_CHAR_NO_ECO
    15 000011D1 B408                <1>  mov AH, 0x8
    16 000011D3 CD21                <1>  int 0x21
  1128 000011D5 C3                      	ret
  1129                                  
  1130                                  PrintFunctionDerivative:
  1131                                  	;Same as above haha
  1132 000011D6 803E[1000]00            	cmp [function_exists], byte 0x0		;Check if function has been entered before printing something
  1133 000011DB 7513                    	jne PrintFunctionDerivative_function_exists
  1134                                  	MACRO_PRINT_STRING str_no_function
    29 000011DD B409                <1>  mov AH, 0x9
    30 000011DF BA[7502]            <1>  mov DX, %1
    31 000011E2 CD21                <1>  int 0x21
  1135                                  	MACRO_PRINT_STRING str_press_any
    29 000011E4 B409                <1>  mov AH, 0x9
    30 000011E6 BA[6300]            <1>  mov DX, %1
    31 000011E9 CD21                <1>  int 0x21
  1136                                  	MACRO_INPUT_CHAR_NO_ECO
    15 000011EB B408                <1>  mov AH, 0x8
    16 000011ED CD21                <1>  int 0x21
  1137 000011EF C3                      	ret
  1138                                  
  1139                                  	PrintFunctionDerivative_function_exists:
  1140                                  	;Explained in detail in macro MACRO_PRINT_DERIV_COEF
  1141                                  	MACRO_PRINT_STRING str_deriv_is
    29 000011F0 B409                <1>  mov AH, 0x9
    30 000011F2 BA[B502]            <1>  mov DX, %1
    31 000011F5 CD21                <1>  int 0x21
  1142 000011F7 833E[2300]00            	cmp [coef_5_d], word 0
  1143 000011FC 742D                    	je PrintFunctionDerivative_skip_5
  1144 000011FE 803E[1300]00            	cmp [coef_5_sign], byte 0
  1145 00001203 7408                    	je PrintFunctionDerivative_5_pos
  1146                                  	MACRO_PRINT_CHAR 0x2d		; -
    21 00001205 31D2                <1>  xor DX, DX
    22 00001207 B406                <1>  mov AH, 0x6
    23 00001209 B22D                <1>  mov DL, %1
    24 0000120B CD21                <1>  int 0x21
  1147                                  	PrintFunctionDerivative_5_pos:
  1148                                  	MACRO_PARSE_NUMBER_WITHOUT_SIGN_TO_STRING [coef_5_d]
    65 0000120D BE[3501]            <1>  mov SI, word gen_output_buff
    66 00001210 6A00                <1>  push word 0x0
    67 00001212 FF36[2300]          <1>  push word %1
    68 00001216 E86006              <1>  call NumberToString
    69 00001219 6683C404            <1>  add ESP, 4
  1149                                  	MACRO_PRINT_STRING gen_output_buff
    29 0000121D B409                <1>  mov AH, 0x9
    30 0000121F BA[3501]            <1>  mov DX, %1
    31 00001222 CD21                <1>  int 0x21
  1150                                  	MACRO_PRINT_STRING str_x_4
    29 00001224 B409                <1>  mov AH, 0x9
    30 00001226 BA[4306]            <1>  mov DX, %1
    31 00001229 CD21                <1>  int 0x21
  1151                                  
  1152                                  	PrintFunctionDerivative_skip_5:
  1153                                  
  1154 0000122B 833E[2500]00            	cmp [coef_4_d], word 0
  1155 00001230 7437                    	je PrintFunctionDerivative_skip_4
  1156                                  	MACRO_PRINT_DERIV_COEF 4, 3
    89 00001232 803E[1600]00        <1>  cmp [coef_%1_sign], byte 0
    90 00001237 740A                <1>  je m_print_deriv_coef_%1_pos
    91                              <1>  MACRO_PRINT_CHAR 0x2d
    21 00001239 31D2                <2>  xor DX, DX
    22 0000123B B406                <2>  mov AH, 0x6
    23 0000123D B22D                <2>  mov DL, %1
    24 0000123F CD21                <2>  int 0x21
    92 00001241 EB08                <1>  jmp m_print_deriv_coef_%1_number
    93                              <1> 
    94                              <1>  m_print_deriv_coef_%1_pos:
    95                              <1>  MACRO_PRINT_CHAR 0x2b
    21 00001243 31D2                <2>  xor DX, DX
    22 00001245 B406                <2>  mov AH, 0x6
    23 00001247 B22B                <2>  mov DL, %1
    24 00001249 CD21                <2>  int 0x21
    96                              <1> 
    97                              <1>  m_print_deriv_coef_%1_number:
    98                              <1>  MACRO_PARSE_NUMBER_WITHOUT_SIGN_TO_STRING [coef_%1_d]
    65 0000124B BE[3501]            <2>  mov SI, word gen_output_buff
    66 0000124E 6A00                <2>  push word 0x0
    67 00001250 FF36[2500]          <2>  push word %1
    68 00001254 E82206              <2>  call NumberToString
    69 00001257 6683C404            <2>  add ESP, 4
    99                              <1>  MACRO_PRINT_STRING gen_output_buff
    29 0000125B B409                <2>  mov AH, 0x9
    30 0000125D BA[3501]            <2>  mov DX, %1
    31 00001260 CD21                <2>  int 0x21
   100                              <1>  MACRO_PRINT_STRING str_x_%2
    29 00001262 B409                <2>  mov AH, 0x9
    30 00001264 BA[4806]            <2>  mov DX, %1
    31 00001267 CD21                <2>  int 0x21
  1157                                  
  1158                                  	PrintFunctionDerivative_skip_4:
  1159 00001269 833E[2700]00            	cmp [coef_3_d], word 0
  1160 0000126E 7437                    	je PrintFunctionDerivative_skip_3
  1161                                  	MACRO_PRINT_DERIV_COEF 3, 2
    89 00001270 803E[1900]00        <1>  cmp [coef_%1_sign], byte 0
    90 00001275 740A                <1>  je m_print_deriv_coef_%1_pos
    91                              <1>  MACRO_PRINT_CHAR 0x2d
    21 00001277 31D2                <2>  xor DX, DX
    22 00001279 B406                <2>  mov AH, 0x6
    23 0000127B B22D                <2>  mov DL, %1
    24 0000127D CD21                <2>  int 0x21
    92 0000127F EB08                <1>  jmp m_print_deriv_coef_%1_number
    93                              <1> 
    94                              <1>  m_print_deriv_coef_%1_pos:
    95                              <1>  MACRO_PRINT_CHAR 0x2b
    21 00001281 31D2                <2>  xor DX, DX
    22 00001283 B406                <2>  mov AH, 0x6
    23 00001285 B22B                <2>  mov DL, %1
    24 00001287 CD21                <2>  int 0x21
    96                              <1> 
    97                              <1>  m_print_deriv_coef_%1_number:
    98                              <1>  MACRO_PARSE_NUMBER_WITHOUT_SIGN_TO_STRING [coef_%1_d]
    65 00001289 BE[3501]            <2>  mov SI, word gen_output_buff
    66 0000128C 6A00                <2>  push word 0x0
    67 0000128E FF36[2700]          <2>  push word %1
    68 00001292 E8E405              <2>  call NumberToString
    69 00001295 6683C404            <2>  add ESP, 4
    99                              <1>  MACRO_PRINT_STRING gen_output_buff
    29 00001299 B409                <2>  mov AH, 0x9
    30 0000129B BA[3501]            <2>  mov DX, %1
    31 0000129E CD21                <2>  int 0x21
   100                              <1>  MACRO_PRINT_STRING str_x_%2
    29 000012A0 B409                <2>  mov AH, 0x9
    30 000012A2 BA[4D06]            <2>  mov DX, %1
    31 000012A5 CD21                <2>  int 0x21
  1162                                  
  1163                                  	PrintFunctionDerivative_skip_3:
  1164 000012A7 833E[2900]00            	cmp [coef_2_d], word 0
  1165 000012AC 7437                    	je PrintFunctionDerivative_skip_2
  1166                                  	MACRO_PRINT_DERIV_COEF 2, 1
    89 000012AE 803E[1C00]00        <1>  cmp [coef_%1_sign], byte 0
    90 000012B3 740A                <1>  je m_print_deriv_coef_%1_pos
    91                              <1>  MACRO_PRINT_CHAR 0x2d
    21 000012B5 31D2                <2>  xor DX, DX
    22 000012B7 B406                <2>  mov AH, 0x6
    23 000012B9 B22D                <2>  mov DL, %1
    24 000012BB CD21                <2>  int 0x21
    92 000012BD EB08                <1>  jmp m_print_deriv_coef_%1_number
    93                              <1> 
    94                              <1>  m_print_deriv_coef_%1_pos:
    95                              <1>  MACRO_PRINT_CHAR 0x2b
    21 000012BF 31D2                <2>  xor DX, DX
    22 000012C1 B406                <2>  mov AH, 0x6
    23 000012C3 B22B                <2>  mov DL, %1
    24 000012C5 CD21                <2>  int 0x21
    96                              <1> 
    97                              <1>  m_print_deriv_coef_%1_number:
    98                              <1>  MACRO_PARSE_NUMBER_WITHOUT_SIGN_TO_STRING [coef_%1_d]
    65 000012C7 BE[3501]            <2>  mov SI, word gen_output_buff
    66 000012CA 6A00                <2>  push word 0x0
    67 000012CC FF36[2900]          <2>  push word %1
    68 000012D0 E8A605              <2>  call NumberToString
    69 000012D3 6683C404            <2>  add ESP, 4
    99                              <1>  MACRO_PRINT_STRING gen_output_buff
    29 000012D7 B409                <2>  mov AH, 0x9
    30 000012D9 BA[3501]            <2>  mov DX, %1
    31 000012DC CD21                <2>  int 0x21
   100                              <1>  MACRO_PRINT_STRING str_x_%2
    29 000012DE B409                <2>  mov AH, 0x9
    30 000012E0 BA[5206]            <2>  mov DX, %1
    31 000012E3 CD21                <2>  int 0x21
  1167                                  
  1168                                  	PrintFunctionDerivative_skip_2:
  1169 000012E5 833E[2B00]00            	cmp [coef_1_d], word 0
  1170 000012EA 7437                    	je PrintFunctionDerivative_skip_1
  1171                                  	MACRO_PRINT_DERIV_COEF 1, 0
    89 000012EC 803E[1F00]00        <1>  cmp [coef_%1_sign], byte 0
    90 000012F1 740A                <1>  je m_print_deriv_coef_%1_pos
    91                              <1>  MACRO_PRINT_CHAR 0x2d
    21 000012F3 31D2                <2>  xor DX, DX
    22 000012F5 B406                <2>  mov AH, 0x6
    23 000012F7 B22D                <2>  mov DL, %1
    24 000012F9 CD21                <2>  int 0x21
    92 000012FB EB08                <1>  jmp m_print_deriv_coef_%1_number
    93                              <1> 
    94                              <1>  m_print_deriv_coef_%1_pos:
    95                              <1>  MACRO_PRINT_CHAR 0x2b
    21 000012FD 31D2                <2>  xor DX, DX
    22 000012FF B406                <2>  mov AH, 0x6
    23 00001301 B22B                <2>  mov DL, %1
    24 00001303 CD21                <2>  int 0x21
    96                              <1> 
    97                              <1>  m_print_deriv_coef_%1_number:
    98                              <1>  MACRO_PARSE_NUMBER_WITHOUT_SIGN_TO_STRING [coef_%1_d]
    65 00001305 BE[3501]            <2>  mov SI, word gen_output_buff
    66 00001308 6A00                <2>  push word 0x0
    67 0000130A FF36[2B00]          <2>  push word %1
    68 0000130E E86805              <2>  call NumberToString
    69 00001311 6683C404            <2>  add ESP, 4
    99                              <1>  MACRO_PRINT_STRING gen_output_buff
    29 00001315 B409                <2>  mov AH, 0x9
    30 00001317 BA[3501]            <2>  mov DX, %1
    31 0000131A CD21                <2>  int 0x21
   100                              <1>  MACRO_PRINT_STRING str_x_%2
    29 0000131C B409                <2>  mov AH, 0x9
    30 0000131E BA[5506]            <2>  mov DX, %1
    31 00001321 CD21                <2>  int 0x21
  1172                                  
  1173                                  	PrintFunctionDerivative_skip_1:
  1174                                  	MACRO_PRINT_STRING text_ln_r
    29 00001323 B409                <1>  mov AH, 0x9
    30 00001325 BA[6C06]            <1>  mov DX, %1
    31 00001328 CD21                <1>  int 0x21
  1175                                  	MACRO_PRINT_STRING str_press_any
    29 0000132A B409                <1>  mov AH, 0x9
    30 0000132C BA[6300]            <1>  mov DX, %1
    31 0000132F CD21                <1>  int 0x21
  1176                                  	MACRO_INPUT_CHAR_NO_ECO
    15 00001331 B408                <1>  mov AH, 0x8
    16 00001333 CD21                <1>  int 0x21
  1177 00001335 C3                      	ret
  1178                                  PrintFunctionIntegral:
  1179                                  	;Same as above haha x2
  1180 00001336 803E[1000]00            	cmp [function_exists], byte 0x0		;Check if function has been entered before printing something
  1181 0000133B 7513                    	jne PrintFunctionIntegral_function_exists
  1182                                  	MACRO_PRINT_STRING str_no_function
    29 0000133D B409                <1>  mov AH, 0x9
    30 0000133F BA[7502]            <1>  mov DX, %1
    31 00001342 CD21                <1>  int 0x21
  1183                                  	MACRO_PRINT_STRING str_press_any
    29 00001344 B409                <1>  mov AH, 0x9
    30 00001346 BA[6300]            <1>  mov DX, %1
    31 00001349 CD21                <1>  int 0x21
  1184                                  	MACRO_INPUT_CHAR_NO_ECO
    15 0000134B B408                <1>  mov AH, 0x8
    16 0000134D CD21                <1>  int 0x21
  1185 0000134F C3                      	ret
  1186                                  
  1187                                  	PrintFunctionIntegral_function_exists:
  1188                                  	;Explained in detail in macro MACRO_PRINT_INT_COEF
  1189                                  	MACRO_PRINT_STRING str_integral_is
    29 00001350 B409                <1>  mov AH, 0x9
    30 00001352 BA[D302]            <1>  mov DX, %1
    31 00001355 CD21                <1>  int 0x21
  1190 00001357 833E[1100]00            	cmp [coef_5], word 0
  1191 0000135C 7453                    	je PrintFunctionIntegral_skip_5
  1192 0000135E 803E[1300]00            	cmp [coef_5_sign], byte 0
  1193 00001363 7408                    	je PrintFunctionIntegral_5_pos
  1194                                  	MACRO_PRINT_CHAR 0x2d		; -
    21 00001365 31D2                <1>  xor DX, DX
    22 00001367 B406                <1>  mov AH, 0x6
    23 00001369 B22D                <1>  mov DL, %1
    24 0000136B CD21                <1>  int 0x21
  1195                                  	PrintFunctionIntegral_5_pos:
  1196                                  	MACRO_PARSE_NUMBER_WITHOUT_SIGN_TO_STRING [coef_5_i_num]
    65 0000136D BE[3501]            <1>  mov SI, word gen_output_buff
    66 00001370 6A00                <1>  push word 0x0
    67 00001372 FF36[2D00]          <1>  push word %1
    68 00001376 E80005              <1>  call NumberToString
    69 00001379 6683C404            <1>  add ESP, 4
  1197                                  	MACRO_PRINT_STRING gen_output_buff
    29 0000137D B409                <1>  mov AH, 0x9
    30 0000137F BA[3501]            <1>  mov DX, %1
    31 00001382 CD21                <1>  int 0x21
  1198                                  
  1199 00001384 833E[2F00]01            	cmp [coef_5_i_den], word 1
  1200 00001389 741F                    	je PrintFunctionIntegral_den_is_1
  1201                                  
  1202                                  	MACRO_PRINT_CHAR 0x2f
    21 0000138B 31D2                <1>  xor DX, DX
    22 0000138D B406                <1>  mov AH, 0x6
    23 0000138F B22F                <1>  mov DL, %1
    24 00001391 CD21                <1>  int 0x21
  1203                                  	MACRO_PARSE_NUMBER_WITHOUT_SIGN_TO_STRING [coef_5_i_den]
    65 00001393 BE[3501]            <1>  mov SI, word gen_output_buff
    66 00001396 6A00                <1>  push word 0x0
    67 00001398 FF36[2F00]          <1>  push word %1
    68 0000139C E8DA04              <1>  call NumberToString
    69 0000139F 6683C404            <1>  add ESP, 4
  1204                                  	MACRO_PRINT_STRING gen_output_buff
    29 000013A3 B409                <1>  mov AH, 0x9
    30 000013A5 BA[3501]            <1>  mov DX, %1
    31 000013A8 CD21                <1>  int 0x21
  1205                                  
  1206                                  	PrintFunctionIntegral_den_is_1:
  1207                                  	MACRO_PRINT_STRING str_x_6
    29 000013AA B409                <1>  mov AH, 0x9
    30 000013AC BA[3906]            <1>  mov DX, %1
    31 000013AF CD21                <1>  int 0x21
  1208                                  
  1209                                  	PrintFunctionIntegral_skip_5:
  1210                                  
  1211 000013B1 833E[1400]00            	cmp [coef_4], word 0
  1212 000013B6 745D                    	je PrintFunctionIntegral_skip_4
  1213                                  	MACRO_PRINT_INT_COEF 4, 5
   104 000013B8 803E[1600]00        <1>  cmp [coef_%1_sign], byte 0
   105 000013BD 740A                <1>  je m_print_int_coef_%1_pos
   106                              <1>  MACRO_PRINT_CHAR 0x2d
    21 000013BF 31D2                <2>  xor DX, DX
    22 000013C1 B406                <2>  mov AH, 0x6
    23 000013C3 B22D                <2>  mov DL, %1
    24 000013C5 CD21                <2>  int 0x21
   107 000013C7 EB08                <1>  jmp m_print_int_coef_%1_number
   108                              <1> 
   109                              <1>  m_print_int_coef_%1_pos:
   110                              <1>  MACRO_PRINT_CHAR 0x2b
    21 000013C9 31D2                <2>  xor DX, DX
    22 000013CB B406                <2>  mov AH, 0x6
    23 000013CD B22B                <2>  mov DL, %1
    24 000013CF CD21                <2>  int 0x21
   111                              <1> 
   112                              <1>  m_print_int_coef_%1_number:
   113                              <1>  MACRO_PARSE_NUMBER_WITHOUT_SIGN_TO_STRING [coef_%1_i_num]
    65 000013D1 BE[3501]            <2>  mov SI, word gen_output_buff
    66 000013D4 6A00                <2>  push word 0x0
    67 000013D6 FF36[3100]          <2>  push word %1
    68 000013DA E89C04              <2>  call NumberToString
    69 000013DD 6683C404            <2>  add ESP, 4
   114                              <1>  MACRO_PRINT_STRING gen_output_buff
    29 000013E1 B409                <2>  mov AH, 0x9
    30 000013E3 BA[3501]            <2>  mov DX, %1
    31 000013E6 CD21                <2>  int 0x21
   115 000013E8 833E[3300]01        <1>  cmp [coef_%1_i_den], word 1
   116 000013ED 741F                <1>  je m_print_int_coef_%1_den_is_1
   117                              <1> 
   118                              <1>  MACRO_PRINT_CHAR 0x2f
    21 000013EF 31D2                <2>  xor DX, DX
    22 000013F1 B406                <2>  mov AH, 0x6
    23 000013F3 B22F                <2>  mov DL, %1
    24 000013F5 CD21                <2>  int 0x21
   119                              <1>  MACRO_PARSE_NUMBER_WITHOUT_SIGN_TO_STRING [coef_%1_i_den]
    65 000013F7 BE[3501]            <2>  mov SI, word gen_output_buff
    66 000013FA 6A00                <2>  push word 0x0
    67 000013FC FF36[3300]          <2>  push word %1
    68 00001400 E87604              <2>  call NumberToString
    69 00001403 6683C404            <2>  add ESP, 4
   120                              <1>  MACRO_PRINT_STRING gen_output_buff
    29 00001407 B409                <2>  mov AH, 0x9
    30 00001409 BA[3501]            <2>  mov DX, %1
    31 0000140C CD21                <2>  int 0x21
   121                              <1> 
   122                              <1>  m_print_int_coef_%1_den_is_1:
   123                              <1>  MACRO_PRINT_STRING str_x_%2
    29 0000140E B409                <2>  mov AH, 0x9
    30 00001410 BA[3E06]            <2>  mov DX, %1
    31 00001413 CD21                <2>  int 0x21
  1214                                  
  1215                                  	PrintFunctionIntegral_skip_4:
  1216 00001415 833E[1700]00            	cmp [coef_3], word 0
  1217 0000141A 745D                    	je PrintFunctionIntegral_skip_3
  1218                                  	MACRO_PRINT_INT_COEF 3, 4
   104 0000141C 803E[1900]00        <1>  cmp [coef_%1_sign], byte 0
   105 00001421 740A                <1>  je m_print_int_coef_%1_pos
   106                              <1>  MACRO_PRINT_CHAR 0x2d
    21 00001423 31D2                <2>  xor DX, DX
    22 00001425 B406                <2>  mov AH, 0x6
    23 00001427 B22D                <2>  mov DL, %1
    24 00001429 CD21                <2>  int 0x21
   107 0000142B EB08                <1>  jmp m_print_int_coef_%1_number
   108                              <1> 
   109                              <1>  m_print_int_coef_%1_pos:
   110                              <1>  MACRO_PRINT_CHAR 0x2b
    21 0000142D 31D2                <2>  xor DX, DX
    22 0000142F B406                <2>  mov AH, 0x6
    23 00001431 B22B                <2>  mov DL, %1
    24 00001433 CD21                <2>  int 0x21
   111                              <1> 
   112                              <1>  m_print_int_coef_%1_number:
   113                              <1>  MACRO_PARSE_NUMBER_WITHOUT_SIGN_TO_STRING [coef_%1_i_num]
    65 00001435 BE[3501]            <2>  mov SI, word gen_output_buff
    66 00001438 6A00                <2>  push word 0x0
    67 0000143A FF36[3500]          <2>  push word %1
    68 0000143E E83804              <2>  call NumberToString
    69 00001441 6683C404            <2>  add ESP, 4
   114                              <1>  MACRO_PRINT_STRING gen_output_buff
    29 00001445 B409                <2>  mov AH, 0x9
    30 00001447 BA[3501]            <2>  mov DX, %1
    31 0000144A CD21                <2>  int 0x21
   115 0000144C 833E[3700]01        <1>  cmp [coef_%1_i_den], word 1
   116 00001451 741F                <1>  je m_print_int_coef_%1_den_is_1
   117                              <1> 
   118                              <1>  MACRO_PRINT_CHAR 0x2f
    21 00001453 31D2                <2>  xor DX, DX
    22 00001455 B406                <2>  mov AH, 0x6
    23 00001457 B22F                <2>  mov DL, %1
    24 00001459 CD21                <2>  int 0x21
   119                              <1>  MACRO_PARSE_NUMBER_WITHOUT_SIGN_TO_STRING [coef_%1_i_den]
    65 0000145B BE[3501]            <2>  mov SI, word gen_output_buff
    66 0000145E 6A00                <2>  push word 0x0
    67 00001460 FF36[3700]          <2>  push word %1
    68 00001464 E81204              <2>  call NumberToString
    69 00001467 6683C404            <2>  add ESP, 4
   120                              <1>  MACRO_PRINT_STRING gen_output_buff
    29 0000146B B409                <2>  mov AH, 0x9
    30 0000146D BA[3501]            <2>  mov DX, %1
    31 00001470 CD21                <2>  int 0x21
   121                              <1> 
   122                              <1>  m_print_int_coef_%1_den_is_1:
   123                              <1>  MACRO_PRINT_STRING str_x_%2
    29 00001472 B409                <2>  mov AH, 0x9
    30 00001474 BA[4306]            <2>  mov DX, %1
    31 00001477 CD21                <2>  int 0x21
  1219                                  
  1220                                  	PrintFunctionIntegral_skip_3:
  1221 00001479 833E[1A00]00            	cmp [coef_2], word 0
  1222 0000147E 745D                    	je PrintFunctionIntegral_skip_2
  1223                                  	MACRO_PRINT_INT_COEF 2, 3
   104 00001480 803E[1C00]00        <1>  cmp [coef_%1_sign], byte 0
   105 00001485 740A                <1>  je m_print_int_coef_%1_pos
   106                              <1>  MACRO_PRINT_CHAR 0x2d
    21 00001487 31D2                <2>  xor DX, DX
    22 00001489 B406                <2>  mov AH, 0x6
    23 0000148B B22D                <2>  mov DL, %1
    24 0000148D CD21                <2>  int 0x21
   107 0000148F EB08                <1>  jmp m_print_int_coef_%1_number
   108                              <1> 
   109                              <1>  m_print_int_coef_%1_pos:
   110                              <1>  MACRO_PRINT_CHAR 0x2b
    21 00001491 31D2                <2>  xor DX, DX
    22 00001493 B406                <2>  mov AH, 0x6
    23 00001495 B22B                <2>  mov DL, %1
    24 00001497 CD21                <2>  int 0x21
   111                              <1> 
   112                              <1>  m_print_int_coef_%1_number:
   113                              <1>  MACRO_PARSE_NUMBER_WITHOUT_SIGN_TO_STRING [coef_%1_i_num]
    65 00001499 BE[3501]            <2>  mov SI, word gen_output_buff
    66 0000149C 6A00                <2>  push word 0x0
    67 0000149E FF36[3900]          <2>  push word %1
    68 000014A2 E8D403              <2>  call NumberToString
    69 000014A5 6683C404            <2>  add ESP, 4
   114                              <1>  MACRO_PRINT_STRING gen_output_buff
    29 000014A9 B409                <2>  mov AH, 0x9
    30 000014AB BA[3501]            <2>  mov DX, %1
    31 000014AE CD21                <2>  int 0x21
   115 000014B0 833E[3B00]01        <1>  cmp [coef_%1_i_den], word 1
   116 000014B5 741F                <1>  je m_print_int_coef_%1_den_is_1
   117                              <1> 
   118                              <1>  MACRO_PRINT_CHAR 0x2f
    21 000014B7 31D2                <2>  xor DX, DX
    22 000014B9 B406                <2>  mov AH, 0x6
    23 000014BB B22F                <2>  mov DL, %1
    24 000014BD CD21                <2>  int 0x21
   119                              <1>  MACRO_PARSE_NUMBER_WITHOUT_SIGN_TO_STRING [coef_%1_i_den]
    65 000014BF BE[3501]            <2>  mov SI, word gen_output_buff
    66 000014C2 6A00                <2>  push word 0x0
    67 000014C4 FF36[3B00]          <2>  push word %1
    68 000014C8 E8AE03              <2>  call NumberToString
    69 000014CB 6683C404            <2>  add ESP, 4
   120                              <1>  MACRO_PRINT_STRING gen_output_buff
    29 000014CF B409                <2>  mov AH, 0x9
    30 000014D1 BA[3501]            <2>  mov DX, %1
    31 000014D4 CD21                <2>  int 0x21
   121                              <1> 
   122                              <1>  m_print_int_coef_%1_den_is_1:
   123                              <1>  MACRO_PRINT_STRING str_x_%2
    29 000014D6 B409                <2>  mov AH, 0x9
    30 000014D8 BA[4806]            <2>  mov DX, %1
    31 000014DB CD21                <2>  int 0x21
  1224                                  
  1225                                  	PrintFunctionIntegral_skip_2:
  1226 000014DD 833E[1D00]00            	cmp [coef_1], word 0
  1227 000014E2 745D                    	je PrintFunctionIntegral_skip_1
  1228                                  	MACRO_PRINT_INT_COEF 1, 2
   104 000014E4 803E[1F00]00        <1>  cmp [coef_%1_sign], byte 0
   105 000014E9 740A                <1>  je m_print_int_coef_%1_pos
   106                              <1>  MACRO_PRINT_CHAR 0x2d
    21 000014EB 31D2                <2>  xor DX, DX
    22 000014ED B406                <2>  mov AH, 0x6
    23 000014EF B22D                <2>  mov DL, %1
    24 000014F1 CD21                <2>  int 0x21
   107 000014F3 EB08                <1>  jmp m_print_int_coef_%1_number
   108                              <1> 
   109                              <1>  m_print_int_coef_%1_pos:
   110                              <1>  MACRO_PRINT_CHAR 0x2b
    21 000014F5 31D2                <2>  xor DX, DX
    22 000014F7 B406                <2>  mov AH, 0x6
    23 000014F9 B22B                <2>  mov DL, %1
    24 000014FB CD21                <2>  int 0x21
   111                              <1> 
   112                              <1>  m_print_int_coef_%1_number:
   113                              <1>  MACRO_PARSE_NUMBER_WITHOUT_SIGN_TO_STRING [coef_%1_i_num]
    65 000014FD BE[3501]            <2>  mov SI, word gen_output_buff
    66 00001500 6A00                <2>  push word 0x0
    67 00001502 FF36[3D00]          <2>  push word %1
    68 00001506 E87003              <2>  call NumberToString
    69 00001509 6683C404            <2>  add ESP, 4
   114                              <1>  MACRO_PRINT_STRING gen_output_buff
    29 0000150D B409                <2>  mov AH, 0x9
    30 0000150F BA[3501]            <2>  mov DX, %1
    31 00001512 CD21                <2>  int 0x21
   115 00001514 833E[3F00]01        <1>  cmp [coef_%1_i_den], word 1
   116 00001519 741F                <1>  je m_print_int_coef_%1_den_is_1
   117                              <1> 
   118                              <1>  MACRO_PRINT_CHAR 0x2f
    21 0000151B 31D2                <2>  xor DX, DX
    22 0000151D B406                <2>  mov AH, 0x6
    23 0000151F B22F                <2>  mov DL, %1
    24 00001521 CD21                <2>  int 0x21
   119                              <1>  MACRO_PARSE_NUMBER_WITHOUT_SIGN_TO_STRING [coef_%1_i_den]
    65 00001523 BE[3501]            <2>  mov SI, word gen_output_buff
    66 00001526 6A00                <2>  push word 0x0
    67 00001528 FF36[3F00]          <2>  push word %1
    68 0000152C E84A03              <2>  call NumberToString
    69 0000152F 6683C404            <2>  add ESP, 4
   120                              <1>  MACRO_PRINT_STRING gen_output_buff
    29 00001533 B409                <2>  mov AH, 0x9
    30 00001535 BA[3501]            <2>  mov DX, %1
    31 00001538 CD21                <2>  int 0x21
   121                              <1> 
   122                              <1>  m_print_int_coef_%1_den_is_1:
   123                              <1>  MACRO_PRINT_STRING str_x_%2
    29 0000153A B409                <2>  mov AH, 0x9
    30 0000153C BA[4D06]            <2>  mov DX, %1
    31 0000153F CD21                <2>  int 0x21
  1229                                  
  1230                                  	PrintFunctionIntegral_skip_1:
  1231 00001541 833E[2000]00            	cmp [coef_0], word 0
  1232 00001546 745D                    	je PrintFunctionIntegral_skip_0
  1233                                  	MACRO_PRINT_INT_COEF 0, 1
   104 00001548 803E[2200]00        <1>  cmp [coef_%1_sign], byte 0
   105 0000154D 740A                <1>  je m_print_int_coef_%1_pos
   106                              <1>  MACRO_PRINT_CHAR 0x2d
    21 0000154F 31D2                <2>  xor DX, DX
    22 00001551 B406                <2>  mov AH, 0x6
    23 00001553 B22D                <2>  mov DL, %1
    24 00001555 CD21                <2>  int 0x21
   107 00001557 EB08                <1>  jmp m_print_int_coef_%1_number
   108                              <1> 
   109                              <1>  m_print_int_coef_%1_pos:
   110                              <1>  MACRO_PRINT_CHAR 0x2b
    21 00001559 31D2                <2>  xor DX, DX
    22 0000155B B406                <2>  mov AH, 0x6
    23 0000155D B22B                <2>  mov DL, %1
    24 0000155F CD21                <2>  int 0x21
   111                              <1> 
   112                              <1>  m_print_int_coef_%1_number:
   113                              <1>  MACRO_PARSE_NUMBER_WITHOUT_SIGN_TO_STRING [coef_%1_i_num]
    65 00001561 BE[3501]            <2>  mov SI, word gen_output_buff
    66 00001564 6A00                <2>  push word 0x0
    67 00001566 FF36[4100]          <2>  push word %1
    68 0000156A E80C03              <2>  call NumberToString
    69 0000156D 6683C404            <2>  add ESP, 4
   114                              <1>  MACRO_PRINT_STRING gen_output_buff
    29 00001571 B409                <2>  mov AH, 0x9
    30 00001573 BA[3501]            <2>  mov DX, %1
    31 00001576 CD21                <2>  int 0x21
   115 00001578 833E[4300]01        <1>  cmp [coef_%1_i_den], word 1
   116 0000157D 741F                <1>  je m_print_int_coef_%1_den_is_1
   117                              <1> 
   118                              <1>  MACRO_PRINT_CHAR 0x2f
    21 0000157F 31D2                <2>  xor DX, DX
    22 00001581 B406                <2>  mov AH, 0x6
    23 00001583 B22F                <2>  mov DL, %1
    24 00001585 CD21                <2>  int 0x21
   119                              <1>  MACRO_PARSE_NUMBER_WITHOUT_SIGN_TO_STRING [coef_%1_i_den]
    65 00001587 BE[3501]            <2>  mov SI, word gen_output_buff
    66 0000158A 6A00                <2>  push word 0x0
    67 0000158C FF36[4300]          <2>  push word %1
    68 00001590 E8E602              <2>  call NumberToString
    69 00001593 6683C404            <2>  add ESP, 4
   120                              <1>  MACRO_PRINT_STRING gen_output_buff
    29 00001597 B409                <2>  mov AH, 0x9
    30 00001599 BA[3501]            <2>  mov DX, %1
    31 0000159C CD21                <2>  int 0x21
   121                              <1> 
   122                              <1>  m_print_int_coef_%1_den_is_1:
   123                              <1>  MACRO_PRINT_STRING str_x_%2
    29 0000159E B409                <2>  mov AH, 0x9
    30 000015A0 BA[5206]            <2>  mov DX, %1
    31 000015A3 CD21                <2>  int 0x21
  1234                                  
  1235                                  	PrintFunctionIntegral_skip_0:
  1236                                  
  1237                                  	MACRO_PRINT_STRING str_int_const
    29 000015A5 B409                <1>  mov AH, 0x9
    30 000015A7 BA[5706]            <1>  mov DX, %1
    31 000015AA CD21                <1>  int 0x21
  1238                                  	MACRO_PRINT_STRING text_ln_r
    29 000015AC B409                <1>  mov AH, 0x9
    30 000015AE BA[6C06]            <1>  mov DX, %1
    31 000015B1 CD21                <1>  int 0x21
  1239                                  	MACRO_PRINT_STRING str_press_any
    29 000015B3 B409                <1>  mov AH, 0x9
    30 000015B5 BA[6300]            <1>  mov DX, %1
    31 000015B8 CD21                <1>  int 0x21
  1240                                  	MACRO_INPUT_CHAR_NO_ECO
    15 000015BA B408                <1>  mov AH, 0x8
    16 000015BC CD21                <1>  int 0x21
  1241 000015BE C3                      	ret
  1242                                  
  1243                                  Input_SolveByNewton:
  1244 000015BF C3                      	ret
  1245                                  Input_SolveBySteffensen:
  1246 000015C0 C3                      	ret
  1247                                  
  1248                                  SolveByNewton:
  1249                                  	;Let initial guess be midpoint of limits
  1250 000015C1 DF06[9600]              	fild word [numeric_limit_inf]				;									F-stack:1
  1251 000015C5 DE06[9800]              	fiadd word [numeric_limit_sup]
  1252 000015C9 DA36[7900]              	fidiv dword [graph_num_2]
  1253 000015CD DD1E[6100]              	fstp qword [graph_current_x]				;									F-stack:0
  1254                                  
  1255 000015D1 C706[9B00]0100          	mov word [numeric_cur_iter], 1				;Reset current iteration to 1
  1256 000015D7 C606[9D00]00            	mov byte [numeric_sol_found], 0				;Set solution to not found
  1257                                  	SolveByNewton_loop:
  1258 000015DC A1[8C00]                		mov AX, word [numeric_max_iter]			;Prepare for comparison
  1259 000015DF 3906[9B00]              		cmp word [numeric_cur_iter], AX			;If we have reached max iterations
  1260 000015E3 0F87D301                		ja SolveByNewton_no_solution			;Exit without solution found
  1261                                  
  1262                                  		MACRO_SET_CURSOR_AT 23,0
   361 000015E7 60                  <1>  pusha
   362 000015E8 B402                <1>  mov AH, 0x2
   363 000015EA B700                <1>  mov BH, 0x0
   364 000015EC B617                <1>  mov DH, %1
   365 000015EE B200                <1>  mov DL, %2
   366 000015F0 CD10                <1>  int 0x10
   367 000015F2 61                  <1>  popa
  1263                                  		;Print current iter info
  1264                                  		MACRO_PRINT_STRING main_title_s
    29 000015F3 B409                <1>  mov AH, 0x9
    30 000015F5 BA[0000]            <1>  mov DX, %1
    31 000015F8 CD21                <1>  int 0x21
  1265                                  		MACRO_PRINT_STRING str_iter_no
    29 000015FA B409                <1>  mov AH, 0x9
    30 000015FC BA[4F05]            <1>  mov DX, %1
    31 000015FF CD21                <1>  int 0x21
  1266                                  		MACRO_PARSE_NUMBER_WITHOUT_SIGN_TO_STRING [numeric_cur_iter]
    65 00001601 BE[3501]            <1>  mov SI, word gen_output_buff
    66 00001604 6A00                <1>  push word 0x0
    67 00001606 FF36[9B00]          <1>  push word %1
    68 0000160A E86C02              <1>  call NumberToString
    69 0000160D 6683C404            <1>  add ESP, 4
  1267                                  		MACRO_PRINT_STRING gen_output_buff
    29 00001611 B409                <1>  mov AH, 0x9
    30 00001613 BA[3501]            <1>  mov DX, %1
    31 00001616 CD21                <1>  int 0x21
  1268                                  		MACRO_PRINT_STRING main_title_s
    29 00001618 B409                <1>  mov AH, 0x9
    30 0000161A BA[0000]            <1>  mov DX, %1
    31 0000161D CD21                <1>  int 0x21
  1269                                  		MACRO_PRINT_STRING text_ln_r
    29 0000161F B409                <1>  mov AH, 0x9
    30 00001621 BA[6C06]            <1>  mov DX, %1
    31 00001624 CD21                <1>  int 0x21
  1270                                  
  1271                                  		;####################################################################
  1272 00001626 D92E[E700]              		fldcw word [fpu_floor]
  1273                                  		MACRO_PRINT_STRING str_iter_curr_x
    29 0000162A B409                <1>  mov AH, 0x9
    30 0000162C BA[6205]            <1>  mov DX, %1
    31 0000162F CD21                <1>  int 0x21
  1274                                  		;							Print ~X
  1275 00001631 BE[3501]                		mov SI, gen_output_buff
  1276 00001634 DD06[6100]              		fld qword [graph_current_x]
  1277 00001638 E88F02                  		call FloatToString
  1278                                  		MACRO_PRINT_STRING gen_output_buff
    29 0000163B B409                <1>  mov AH, 0x9
    30 0000163D BA[3501]            <1>  mov DX, %1
    31 00001640 CD21                <1>  int 0x21
  1279                                  		MACRO_PRINT_STRING text_ln_r
    29 00001642 B409                <1>  mov AH, 0x9
    30 00001644 BA[6C06]            <1>  mov DX, %1
    31 00001647 CD21                <1>  int 0x21
  1280 00001649 D92E[E900]              		fldcw word [fpu_round]
  1281                                  		;####################################################################
  1282                                  		;							Print exact X hex
  1283 0000164D BE[3501]                		mov SI, gen_output_buff
  1284 00001650 68[6100]                		push graph_current_x
  1285 00001653 E81DED                  		call DoubleFloatInMemoryToHexString
  1286 00001656 6683C402                		add ESP, 2
  1287                                  		MACRO_PRINT_STRING gen_output_buff
    29 0000165A B409                <1>  mov AH, 0x9
    30 0000165C BA[3501]            <1>  mov DX, %1
    31 0000165F CD21                <1>  int 0x21
  1288                                  		MACRO_PRINT_STRING text_ln_r
    29 00001661 B409                <1>  mov AH, 0x9
    30 00001663 BA[6C06]            <1>  mov DX, %1
    31 00001666 CD21                <1>  int 0x21
  1289                                  		;####################################################################
  1290                                  
  1291                                  		SolveByNewton_fun_calcs:
  1292 00001668 E862F2                  		call CalculateFunctionY
  1293 0000166B E8BAF3                  		call CalculateDerivativeY
  1294                                  
  1295 0000166E DD06[5100]              		fld qword [graph_result_y_d]	;f'(Xn)								F-stack:1
  1296 00001672 D9E4                    		ftst							;cmp f(x0), 0
  1297 00001674 DFE0                    		fnstsw ax						;flags to ax
  1298 00001676 9E                      		sahf							;ax to cpu flags
  1299 00001677 752C                    		jne SolveByNewton_deriv_not_zero
  1300                                  		MACRO_PRINT_STRING str_iter_der_zero
    29 00001679 B409                <1>  mov AH, 0x9
    30 0000167B BA[F605]            <1>  mov DX, %1
    31 0000167E CD21                <1>  int 0x21
  1301 00001680 DD1E[DF00]              		fstp qword [debug_trash]		;Remove number TODO change to clean stack command
  1302 00001684 DD06[6100]              		fld qword [graph_current_x]
  1303 00001688 D806[B400]              		fadd dword [deriv_zero_offset]
  1304 0000168C DD1E[6100]              		fstp qword [graph_current_x]
  1305                                  		MACRO_SCROLL_UP_BY 7
   347 00001690 60                  <1>  pusha
   348 00001691 B406                <1>  mov AH, 0x6
   349 00001693 B007                <1>  mov AL, %1
   350 00001695 B700                <1>  mov BH, 0
   351 00001697 B500                <1>  mov CH, 0x0
   352 00001699 B100                <1>  mov CL, 0x0
   353 0000169B B61D                <1>  mov DH, 29
   354 0000169D B24F                <1>  mov DL, 79
   355 0000169F CD10                <1>  int 10h
   356 000016A1 61                  <1>  popa
  1306 000016A2 E937FF                  		jmp SolveByNewton_loop
  1307                                  
  1308                                  		SolveByNewton_deriv_not_zero:
  1309 000016A5 DD06[4900]              		fld qword [graph_result_y]		;f(Xn)								F-stack:2 f(Xn), f'(Xn)
  1310                                  		;if f(x0)=0, perfect solution!
  1311 000016A9 D9E4                    		ftst							;cmp f(x0), 0
  1312 000016AB DFE0                    		fnstsw ax						;flags to ax
  1313 000016AD 9E                      		sahf							;ax to cpu flags
  1314 000016AE 0F84D400                		je SolveByNewton_perfect_solution_found
  1315                                  
  1316 000016B2 DEF1                    		fdivrp 							;f(Xn)/f'(Xn)						F-stack:1
  1317 000016B4 DD16[A200]              		fst qword [numeric_trans_num]	;Store in in tmp number
  1318 000016B8 D9E1                    		fabs
  1319 000016BA DD16[AC00]              		fst qword [numeric_error]		;Store the error
  1320 000016BE DD06[8E00]              		fld qword [numeric_tolerance]	;									F-stack:2
  1321 000016C2 D8D9                    		fcomp							;cmp TOL, error						F-stack:1
  1322 000016C4 DFE0                    		fnstsw ax						;flags to ax
  1323 000016C6 9E                      		sahf							;ax to cpu flags
  1324                                  
  1325 000016C7 7205                    		jb SolveByNewton_solution_keep_going
  1326 000016C9 C606[9D00]01            		mov [numeric_sol_found], byte 1
  1327                                  
  1328                                  		SolveByNewton_solution_keep_going:
  1329 000016CE DD1E[DF00]              		fstp qword [debug_trash]		;Trash number with abs TODO change to clean stack command
  1330 000016D2 DD06[A200]              		fld qword [numeric_trans_num]	;Bring back number with sign
  1331 000016D6 DC2E[6100]              		fsubr qword [graph_current_x]	;Xn - f(Xn)/f'(Xn)
  1332 000016DA DD1E[6100]              		fstp qword [graph_current_x]	;Store new value found				F-stack:0
  1333 000016DE 8306[9B00]01            		add [numeric_cur_iter], word 1	;current_iter++
  1334                                  
  1335                                  		;####################################################################
  1336 000016E3 D92E[E700]              		fldcw word [fpu_floor]
  1337                                  		MACRO_PRINT_STRING str_iter_next_x
    29 000016E7 B409                <1>  mov AH, 0x9
    30 000016E9 BA[6F05]            <1>  mov DX, %1
    31 000016EC CD21                <1>  int 0x21
  1338                                  		;							Print ~X
  1339 000016EE BE[3501]                		mov SI, gen_output_buff
  1340 000016F1 DD06[6100]              		fld qword [graph_current_x]
  1341 000016F5 E8D201                  		call FloatToString
  1342                                  		MACRO_PRINT_STRING gen_output_buff
    29 000016F8 B409                <1>  mov AH, 0x9
    30 000016FA BA[3501]            <1>  mov DX, %1
    31 000016FD CD21                <1>  int 0x21
  1343                                  		MACRO_PRINT_STRING text_ln_r
    29 000016FF B409                <1>  mov AH, 0x9
    30 00001701 BA[6C06]            <1>  mov DX, %1
    31 00001704 CD21                <1>  int 0x21
  1344                                  ;		fldcw word [fpu_round]		;Commented because will be used next
  1345                                  		;####################################################################
  1346                                  		;							Print exact X hex
  1347 00001706 BE[3501]                		mov SI, gen_output_buff
  1348 00001709 68[6100]                		push graph_current_x
  1349 0000170C E864EC                  		call DoubleFloatInMemoryToHexString
  1350 0000170F 6683C402                		add ESP, 2
  1351                                  		MACRO_PRINT_STRING gen_output_buff
    29 00001713 B409                <1>  mov AH, 0x9
    30 00001715 BA[3501]            <1>  mov DX, %1
    31 00001718 CD21                <1>  int 0x21
  1352                                  		MACRO_PRINT_STRING text_ln_r
    29 0000171A B409                <1>  mov AH, 0x9
    30 0000171C BA[6C06]            <1>  mov DX, %1
    31 0000171F CD21                <1>  int 0x21
  1353                                  		;####################################################################
  1354                                  ;		fldcw word [fpu_floor]		;Already activated from above
  1355                                  		MACRO_PRINT_STRING str_iter_error
    29 00001721 B409                <1>  mov AH, 0x9
    30 00001723 BA[7E05]            <1>  mov DX, %1
    31 00001726 CD21                <1>  int 0x21
  1356                                  		;							Print ~Error
  1357 00001728 BE[3501]                		mov SI, gen_output_buff
  1358 0000172B DD06[AC00]              		fld qword [numeric_error]
  1359 0000172F E89801                  		call FloatToString
  1360                                  		MACRO_PRINT_STRING gen_output_buff
    29 00001732 B409                <1>  mov AH, 0x9
    30 00001734 BA[3501]            <1>  mov DX, %1
    31 00001737 CD21                <1>  int 0x21
  1361                                  		MACRO_PRINT_STRING text_ln_r
    29 00001739 B409                <1>  mov AH, 0x9
    30 0000173B BA[6C06]            <1>  mov DX, %1
    31 0000173E CD21                <1>  int 0x21
  1362 00001740 D92E[E900]              		fldcw word [fpu_round]
  1363                                  		;####################################################################
  1364                                  		;							Print exact Error hex
  1365 00001744 BE[3501]                		mov SI, gen_output_buff
  1366 00001747 68[AC00]                		push numeric_error
  1367 0000174A E826EC                  		call DoubleFloatInMemoryToHexString
  1368 0000174D 6683C402                		add ESP, 2
  1369                                  		MACRO_PRINT_STRING gen_output_buff
    29 00001751 B409                <1>  mov AH, 0x9
    30 00001753 BA[3501]            <1>  mov DX, %1
    31 00001756 CD21                <1>  int 0x21
  1370                                  		MACRO_PRINT_STRING text_ln_r
    29 00001758 B409                <1>  mov AH, 0x9
    30 0000175A BA[6C06]            <1>  mov DX, %1
    31 0000175D CD21                <1>  int 0x21
  1371                                  		;####################################################################
  1372                                  		;Scroll the screen up
  1373                                  		MACRO_SCROLL_UP_BY 7
   347 0000175F 60                  <1>  pusha
   348 00001760 B406                <1>  mov AH, 0x6
   349 00001762 B007                <1>  mov AL, %1
   350 00001764 B700                <1>  mov BH, 0
   351 00001766 B500                <1>  mov CH, 0x0
   352 00001768 B100                <1>  mov CL, 0x0
   353 0000176A B61D                <1>  mov DH, 29
   354 0000176C B24F                <1>  mov DL, 79
   355 0000176E CD10                <1>  int 10h
   356 00001770 61                  <1>  popa
  1374                                  
  1375 00001771 803E[9D00]01            		cmp byte [numeric_sol_found], 1		;Have we found a solution?
  1376 00001776 7428                    		je SolveByNewton_solution_found		;Nice!
  1377                                  
  1378 00001778 803E[9A00]00            		cmp byte [numeric_pause_step], 0
  1379 0000177D 7404                    		je SolveByNewton_no_pause
  1380                                  		MACRO_INPUT_CHAR_NO_ECO
    15 0000177F B408                <1>  mov AH, 0x8
    16 00001781 CD21                <1>  int 0x21
  1381                                  		SolveByNewton_no_pause:
  1382 00001783 E956FE                  		jmp SolveByNewton_loop				;Keep going
  1383                                  
  1384                                  	SolveByNewton_perfect_solution_found:
  1385                                  	MACRO_PRINT_STRING str_iter_p_found
    29 00001786 B409                <1>  mov AH, 0x9
    30 00001788 BA[9C05]            <1>  mov DX, %1
    31 0000178B CD21                <1>  int 0x21
  1386                                  	MACRO_PRINT_STRING text_ln_r
    29 0000178D B409                <1>  mov AH, 0x9
    30 0000178F BA[6C06]            <1>  mov DX, %1
    31 00001792 CD21                <1>  int 0x21
  1387                                  	MACRO_PRINT_STRING str_press_any
    29 00001794 B409                <1>  mov AH, 0x9
    30 00001796 BA[6300]            <1>  mov DX, %1
    31 00001799 CD21                <1>  int 0x21
  1388                                  	MACRO_INPUT_CHAR_NO_ECO
    15 0000179B B408                <1>  mov AH, 0x8
    16 0000179D CD21                <1>  int 0x21
  1389 0000179F C3                      	ret
  1390                                  
  1391                                  	SolveByNewton_solution_found:
  1392                                  	MACRO_PRINT_STRING str_iter_found
    29 000017A0 B409                <1>  mov AH, 0x9
    30 000017A2 BA[8505]            <1>  mov DX, %1
    31 000017A5 CD21                <1>  int 0x21
  1393                                  	MACRO_PRINT_STRING text_ln_r
    29 000017A7 B409                <1>  mov AH, 0x9
    30 000017A9 BA[6C06]            <1>  mov DX, %1
    31 000017AC CD21                <1>  int 0x21
  1394                                  	MACRO_PRINT_STRING str_press_any
    29 000017AE B409                <1>  mov AH, 0x9
    30 000017B0 BA[6300]            <1>  mov DX, %1
    31 000017B3 CD21                <1>  int 0x21
  1395                                  	MACRO_INPUT_CHAR_NO_ECO
    15 000017B5 B408                <1>  mov AH, 0x8
    16 000017B7 CD21                <1>  int 0x21
  1396 000017B9 C3                      	ret
  1397                                  
  1398                                  	SolveByNewton_no_solution:
  1399                                  	MACRO_SCROLL_UP_BY 2
   347 000017BA 60                  <1>  pusha
   348 000017BB B406                <1>  mov AH, 0x6
   349 000017BD B002                <1>  mov AL, %1
   350 000017BF B700                <1>  mov BH, 0
   351 000017C1 B500                <1>  mov CH, 0x0
   352 000017C3 B100                <1>  mov CL, 0x0
   353 000017C5 B61D                <1>  mov DH, 29
   354 000017C7 B24F                <1>  mov DL, 79
   355 000017C9 CD10                <1>  int 10h
   356 000017CB 61                  <1>  popa
  1400                                  	MACRO_PRINT_STRING str_iter_nfound
    29 000017CC B409                <1>  mov AH, 0x9
    30 000017CE BA[BB05]            <1>  mov DX, %1
    31 000017D1 CD21                <1>  int 0x21
  1401                                  	MACRO_PRINT_STRING text_ln_r
    29 000017D3 B409                <1>  mov AH, 0x9
    30 000017D5 BA[6C06]            <1>  mov DX, %1
    31 000017D8 CD21                <1>  int 0x21
  1402                                  	MACRO_PRINT_STRING str_press_any
    29 000017DA B409                <1>  mov AH, 0x9
    30 000017DC BA[6300]            <1>  mov DX, %1
    31 000017DF CD21                <1>  int 0x21
  1403                                  	MACRO_INPUT_CHAR_NO_ECO
    15 000017E1 B408                <1>  mov AH, 0x8
    16 000017E3 CD21                <1>  int 0x21
  1404                                  
  1405 000017E5 C3                      	ret
  1406                                  
  1407                                  
  1408                                  
  1409                                  
  1410                                  DrawFilledRectangle:	;draw_fill_rect_w, draw_fill_rect_h, screenX, screenY
  1411 000017E6 C706[8800]0000          	mov word [draw_fill_rect_w_c], 0		;Init current col counter to 0
  1412                                  
  1413                                  	DrawVerticalLine_ver_loop:
  1414 000017EC 833E[8A00]00            		cmp word [draw_fill_rect_h], 0		;Have we reached desired height?
  1415 000017F1 7E43                    		jle DrawVerticalLine_end
  1416                                  
  1417                                  		DrawVerticalLine_hor_loop:
  1418                                  
  1419 000017F3 8B36[8800]              			mov SI, [draw_fill_rect_w_c]
  1420 000017F7 8B3E[8600]              			mov DI, [draw_fill_rect_w]
  1421 000017FB 39FE                    			cmp SI, DI						;Have we reached desired column for current line?
  1422 000017FD 7419                    			je DrawVerticalLine_hor_end
  1423                                  
  1424 000017FF 30E4                    			xor AH, AH
  1425 00001801 678A442402              			mov AL, [ESP+2]						;Color Green
  1426 00001806 50                      			push AX
  1427 00001807 E82D00                  			call DrawPixel
  1428 0000180A 6683C402                			add ESP, 2
  1429 0000180E FF06[8800]              			inc word [draw_fill_rect_w_c]	;Move 1 pixel horizontally
  1430 00001812 FF06[0800]              			inc word [screenX]
  1431 00001816 EBDB                    			jmp DrawVerticalLine_hor_loop
  1432                                  
  1433                                  		DrawVerticalLine_hor_end:
  1434 00001818 C706[8800]0000          		mov word [draw_fill_rect_w_c], 0	;Reset current column
  1435 0000181E 8B36[0800]              		mov SI, [screenX]
  1436 00001822 8B3E[8600]              		mov DI, [draw_fill_rect_w]
  1437 00001826 29FE                    		sub SI, DI							;Where we originally were located
  1438 00001828 8936[0800]              		mov word [screenX], SI				;Put that back
  1439 0000182C FF0E[8A00]              		dec word [draw_fill_rect_h]			;Decreese remaining height to travel
  1440 00001830 FF06[0A00]              		inc word [screenY]					;Move one pixel down
  1441 00001834 EBB6                    		jmp DrawVerticalLine_ver_loop
  1442                                  	DrawVerticalLine_end:
  1443 00001836 C3                      	ret
  1444                                  
  1445                                  
  1446                                  DrawPixel:	;screenX, screenY	;Mods AH,AL,BH,CX,DX
  1447 00001837 678B442402              	mov AX, [ESP+2]
  1448 0000183C B40C                    	mov AH, 0x0C		;Write graphics pixel
  1449 0000183E B700                    	mov BH, 0	   		;Page 0
  1450 00001840 8B0E[0800]              	mov CX, [screenX]	;X coord
  1451 00001844 8B16[0A00]              	mov DX, [screenY]	;Y coord
  1452 00001848 CD10                    	int 10h				;Video BIOS
  1453 0000184A C3                      	ret
  1454                                  
  1455                                  
  1456                                  PrintMainMenu:
  1457 0000184B B409                    	mov AH, 0x09 			; Print String
  1458 0000184D BA[0000]                	mov DX, main_title_s	; Start address of message
  1459 00001850 CD21                    	int 0x21				; DOS Function Dispatcher
  1460 00001852 BA[1900]                	mov DX, main_title
  1461 00001855 CD21                    	int 0x21
  1462 00001857 BA[0000]                	mov DX, main_title_s
  1463 0000185A CD21                    	int 0x21
  1464 0000185C BA[6C06]                	mov DX, text_ln_r
  1465 0000185F CD21                    	int 0x21
  1466 00001861 BA[6C06]                	mov DX, text_ln_r
  1467 00001864 CD21                    	int 0x21
  1468                                  
  1469                                  	;Imprimir todas las opciones
  1470 00001866 BB[5C06]                	mov BX, options_array	;Point to first option message
  1471 00001869 66B908000000            	mov ECX, 8	 			;Loop 8 times
  1472                                  
  1473                                  	print_options_loop:
  1474 0000186F 8B17                    	mov DX, [BX]			;Prepare message
  1475 00001871 CD21                    	int 0x21				;Print it
  1476 00001873 83C302                  	add BX, 2				;Move to next message
  1477 00001876 E2F7                    	loop print_options_loop
  1478 00001878 C3                      	ret
  1479                                  
  1480                                  
  1481                                  ;Prints number passed in stack to buffer set at SI
  1482                                  NumberToString:		;SI: buffer to output. Stack(2) passed in pop order: number, sign.
  1483 00001879 678B442402              	mov AX, [ESP+2]
  1484 0000187E B90000                  	mov CX, 0x0						;for counting chars pushed
  1485                                  
  1486 00001881 83F800                  	cmp AX, 0						;Special case: number is 0
  1487 00001884 7506                    	jne NumberToString_not_zero
  1488 00001886 C60430                  	mov [SI], byte 0x30				;Adds 0, goto exit
  1489 00001889 46                      	inc SI
  1490 0000188A EB3A                    	jmp NumberToString_normal_exit
  1491                                  
  1492                                  	NumberToString_not_zero:
  1493                                  
  1494 0000188C 678B542404              	mov DX, [ESP+4]					;Get number sign from stack
  1495 00001891 83FA00                  	cmp DX, 0						;Its positive?
  1496 00001894 7404                    	je NumberToString_not_negative
  1497 00001896 C6042D                  	mov [SI], byte 0x2d				;If not, add - to string buffer
  1498 00001899 46                      	inc SI
  1499                                  
  1500                                  	NumberToString_not_negative:	;Clean DX for divisions
  1501 0000189A 31D2                    	xor DX, DX
  1502                                  
  1503                                  	NumberToString_reverse_loop:
  1504 0000189C 83F800                  		cmp AX, 0					;Have we reached 0 as base number?
  1505 0000189F 7410                    		je NumberToString_exit1
  1506 000018A1 BB0A00                  		mov BX, 10					;Prepare divider
  1507 000018A4 F7F3                    		div BX						;DL contains remainder
  1508 000018A6 83C230                  		add DX, '0'					;Make it ascii
  1509 000018A9 52                      		push DX						;Store it for later
  1510 000018AA 31D2                    		xor DX, DX					;Clean DX for net division
  1511 000018AC 83C101                  		add CX, byte 0x1			;charsInStack++
  1512 000018AF EBEB                    		jmp NumberToString_reverse_loop
  1513                                  
  1514                                  
  1515                                  	NumberToString_exit1:
  1516                                  		NumberToString_normal_loop:
  1517 000018B1 83F900                  		cmp CX, 0					;Are chars still un stack?
  1518 000018B4 7410                    		je NumberToString_normal_exit
  1519 000018B6 678B0424                		mov AX, [ESP]				;Get it
  1520 000018BA 8904                    		mov [SI], AX				;Add it to buffer
  1521 000018BC 46                      		inc SI
  1522 000018BD 83E901                  		sub CX, 1					;charsInStack--
  1523 000018C0 6683C402                		add ESP, 2					;Clean stack
  1524 000018C4 EBEB                    		jmp NumberToString_normal_loop
  1525                                  
  1526                                  	NumberToString_normal_exit:
  1527                                  ;		mov [SI], word 0			;null-terminate buffer
  1528                                  ;		inc SI
  1529 000018C6 C60424                  		mov [SI], byte 0x24 		;$ for printing int21hs compliance
  1530 000018C9 C3                      		ret
  1531                                  
  1532                                  
  1533                                  ;Parses number passed in fpu-stack. Buffer set at SI
  1534                                  FloatToString:						;														F-stack:1 (number with sign)
  1535                                  
  1536 000018CA C706[D500]0000          	mov word [f2s_padding_chars], 0	;Reset padding
  1537                                  
  1538 000018D0 D9E4                    	ftst
  1539 000018D2 DFE0                    	fnstsw ax						;flags to ax
  1540 000018D4 9E                      	sahf							;ax to cpu flags
  1541 000018D5 7306                    	jnc FloatToString_not_negative	;If number > 0 skip this
  1542 000018D7 C6042D                  	mov [SI], byte 45				;If not, add - to string buffer
  1543 000018DA 46                      	inc SI
  1544 000018DB D9E0                    	fchs							;Make number positive for simpler operations
  1545                                  	FloatToString_not_negative:
  1546 000018DD DD16[A200]              	fst qword [numeric_trans_num]	;Store temporal number to modify it later
  1547                                  
  1548 000018E1 A1[9E00]                	mov AX, word [numeric_disp_decim]
  1549 000018E4 A3[A000]                	mov word [numeric_dec_count], AX
  1550                                      FloatToString_loop1:					;Multiply by 10^n, where n is desired decimals
  1551 000018E7 833E[A000]00            		cmp word [numeric_dec_count], 0		;multiplications left is 0?
  1552 000018EC 7418                    		je FloatToString_loop1_end
  1553                                  		;##################PADDING CALCULATION#####################
  1554 000018EE DE16[7700]              		ficom word [graph_num_1]			;number needs 0 left-padding?
  1555 000018F2 DFE0                    		fnstsw ax							;flags to ax
  1556 000018F4 9E                      		sahf
  1557 000018F5 7304                    		jae FloatToString_loop1_no_padding
  1558 000018F7 FF06[D500]              		inc word [f2s_padding_chars]
  1559                                  		FloatToString_loop1_no_padding:
  1560                                  		;##########################################################
  1561 000018FB D80E[7D00]              		fmul dword [graph_num_10_f]			;n *= 10
  1562                                  
  1563 000018FF 832E[A000]01            		sub word [numeric_dec_count], 1		;1 less multiplication left
  1564 00001904 EBE1                    		jmp FloatToString_loop1
  1565                                      FloatToString_loop1_end:
  1566                                  
  1567                                  	;###################################################################################################################
  1568 00001906 A1[9E00]                	mov AX, word [numeric_disp_decim]
  1569 00001909 A3[A000]                	mov word [numeric_dec_count], AX
  1570                                  	;###################################################################################################################
  1571                                  	;Number at this point is supposed to be "integer". With the variable numeric_dec_count set to number of decimals
  1572 0000190C D9E4                    	ftst							;Special case: number is 0 (cmp ST(0), 0)
  1573 0000190E DFE0                    	fnstsw ax						;flags to ax
  1574 00001910 9E                      	sahf							;ax to cpu flags
  1575 00001911 750F                    	jnz FloatToString_not_zero
  1576 00001913 C60430                  	mov [SI], byte 0x30				;Adds 0
  1577 00001916 46                      	inc SI
  1578 00001917 C6042E                  	mov [SI], byte 46				;Adds .
  1579 0000191A 46                      	inc SI
  1580 0000191B C60430                  	mov [SI], byte 0x30				;Adds 0
  1581 0000191E 46                      	inc SI
  1582 0000191F E98800                  	jmp FloatToString_normal_exit	;goto exit
  1583                                  
  1584                                  	;###################################################################################################################
  1585                                  	FloatToString_not_zero:
  1586 00001922 DD1E[A200]              	fstp qword [numeric_trans_num]		;													F-stack:0
  1587 00001926 B90000                  	mov CX, 0							;for counting chars pushed
  1588                                  
  1589                                  	FloatToString_reverse_loop:			;Every loop shoud start with empty stack
  1590 00001929 DD06[A200]              		fld	qword [numeric_trans_num]	;													F-stack:1(num)
  1591 0000192D D9E4                    		ftst							;Have we reached 0 as base number? (cmp ST(0),0)
  1592 0000192F DFE0                    		fnstsw ax						;flags to ax
  1593 00001931 9E                      		sahf							;ax to cpu flags
  1594 00001932 743D                    		je FloatToString_exit1			;Each iteration should come with stack clean
  1595                                  
  1596 00001934 DD1E[DF00]              		fstp qword [debug_trash] 		;TODO change to trash Clean stack					F-stack:0
  1597 00001938 D906[7D00]              		fld dword [graph_num_10_f]		;													F-stack:1 (10)
  1598 0000193C DD06[A200]              		fld qword [numeric_trans_num]	;													F-stack:2 (num,10)
  1599 00001940 D9F8                    		fprem							;													F-stack:2 (remainder,10)
  1600                                  ;		frndint							;Just in case
  1601                                  
  1602 00001942 DF1E[AA00]              		fistp word [numeric_remainder]		;Store to treat it as an integer				F-stack:1 (10)
  1603 00001946 8306[AA00]30            		add word [numeric_remainder], '0'	;Make it ascii
  1604 0000194B FF36[AA00]              		push word [numeric_remainder]
  1605 0000194F 83C101                  		add CX, byte 0x1					;charsInStack++
  1606                                  
  1607 00001952 833E[A000]01            		cmp word [numeric_dec_count], 1		;It's time for decimal point?
  1608 00001957 7505                    		jne FloatToString_exit1_no_decimal_point
  1609 00001959 6A2E                    		push word 46						;Add .
  1610 0000195B 83C101                  		add CX, byte 0x1					;charsInStack++
  1611                                  		FloatToString_exit1_no_decimal_point:
  1612                                  
  1613                                  		;The reference number needs to be r-shifted by 1 digit (in decimal)
  1614 0000195E DD06[A200]              		fld qword [numeric_trans_num]		;												F-stack:2(number,10)
  1615 00001962 DEF1                    		fdivrp								;												F-stack:1(new_number)
  1616 00001964 D9FC                    		frndint
  1617                                  
  1618 00001966 DD1E[A200]              		fstp qword [numeric_trans_num]		;												F-stack:0
  1619                                  
  1620 0000196A 832E[A000]01            		sub word [numeric_dec_count], 1		;1 less decimal remaining
  1621 0000196F EBB8                    		jmp FloatToString_reverse_loop
  1622                                  
  1623                                  	;#######################PADDING AGGREGATION##################################
  1624                                  	FloatToString_exit1:
  1625 00001971 833E[A000]00            	cmp word [numeric_dec_count], 0
  1626 00001976 741A                    	jz FloatToString_padding_loop_finale_only_zero
  1627 00001978 833E[A000]00            	cmp word [numeric_dec_count], 0
  1628 0000197D 7816                    	js FloatToString_padding_end
  1629                                  	FloatToString_padding_loop:
  1630 0000197F 833E[A000]00            		cmp word [numeric_dec_count], 0
  1631 00001984 7409                    		jz FloatToString_padding_loop_finale
  1632 00001986 6A30                    		push byte '0'
  1633 00001988 41                      		inc CX
  1634 00001989 FF0E[A000]              		dec word [numeric_dec_count]
  1635 0000198D EBF0                    		jmp FloatToString_padding_loop
  1636                                  	FloatToString_padding_loop_finale:
  1637 0000198F 6A2E                    	push byte '.'
  1638 00001991 41                      	inc CX
  1639                                  	FloatToString_padding_loop_finale_only_zero:
  1640 00001992 6A30                    	push byte '0'
  1641 00001994 41                      	inc CX
  1642                                  	FloatToString_padding_end:
  1643                                  	;############################################################################
  1644                                  	FloatToString_normal_loop:
  1645 00001995 83F900                  		cmp CX, 0							;Are chars still un stack?
  1646 00001998 7410                    		je FloatToString_normal_exit
  1647                                  
  1648 0000199A 678B0424                		mov AX, [ESP]						;Get it
  1649 0000199E 8904                    		mov [SI], AX						;Add it to buffer
  1650 000019A0 46                      		inc SI
  1651 000019A1 83E901                  		sub CX, 1							;charsInStack--
  1652 000019A4 6683C402                		add ESP, 2							;Clean stack
  1653                                  
  1654 000019A8 EBEB                    		jmp FloatToString_normal_loop
  1655                                  
  1656                                  	FloatToString_normal_exit:
  1657                                  ;		mov [SI], word 0			;null-terminate buffer
  1658                                  ;		inc SI
  1659 000019AA C60424                  		mov [SI], byte 0x24 		;$ for printing int21hs compliance
  1660 000019AD C3                      		ret
  1661                                  
  1662                                  
  1663                                  ;MaxCommonDivisor tested in python:
  1664                                  ;if (x<y):
  1665                                  ;    x,y = y,x
  1666                                  
  1667                                  ;while (y > 0):
  1668                                  ;    n = x % y
  1669                                  ;    x = y
  1670                                  ;    y = n
  1671                                  ;return x
  1672                                  MaxCommonDivisor:					;STACK has both numbers
  1673 000019AE 31D2                    	xor DX, DX
  1674 000019B0 678B442402              	mov AX, [ESP+2]					;x  of x/y
  1675 000019B5 678B5C2404              	mov BX, [ESP+4]					;y of x/y
  1676                                  	;remainder will be stored in DX by default
  1677                                  
  1678 000019BA 39D8                    	cmp AX, BX						;Swap AX if BX is bigger
  1679 000019BC 7D01                    	jge MaxCommonDivisor_no_swap
  1680 000019BE 93                      	xchg AX, BX
  1681                                  
  1682                                  	MaxCommonDivisor_no_swap:
  1683                                  	MaxCommonDivisor_loop:
  1684 000019BF 83FB00                  		cmp BX, 0					;Until no remainder:
  1685 000019C2 740A                    		je MaxCommonDivisor_exit
  1686 000019C4 31D2                    		xor DX, DX					;clean for division
  1687 000019C6 F7F3                    		div BX
  1688 000019C8 89D8                    		mov AX, BX					;x=y
  1689 000019CA 89D3                    		mov BX, DX					;y=remainder
  1690 000019CC EBF1                    		jmp MaxCommonDivisor_loop	;repeat
  1691                                  	MaxCommonDivisor_exit:
  1692 000019CE C3                      	ret
  1693                                  
  1694                                  
  1695                                  ;	mov [screenX], word 630
  1696                                  ;	mov [screenY], word 470
  1697                                  ;	mov word [draw_fill_rect_w], 10
  1698                                  ;	mov word [draw_fill_rect_h], 10
  1699                                  ;	push 0x2		;Green
  1700                                  ;	call DrawFilledRectangle
  1701                                  ;	add ESP, 2
  1702                                  ;	MACRO_INPUT_CHAR_NO_ECO
  1703                                  
  1704                                  
  1705                                  ;fpu_floor:			dw 0x0C3F
  1706                                  ;fpu_round:			dw 0x037F
  1707                                  ;fpu_ceil:			dw 0x0E3F
  1708                                  ;fldcw word [fpu_round]
  1709                                  
